idlink,dataN-2,dataN-1,dataN,eqtype,acmLowerMode,freqband,bandwidth,acmEngine,esN-2,sesN-2,txMaxAN-2,txminAN-2,rxmaxAN-2,rxminAN-2,txMaxBN-2,txminBN-2,rxmaxBN-2,rxminBN-2,esN-1,sesN-1,txMaxAN-1,txminAN-1,rxmaxAN-1,rxminAN-1,txMaxBN-1,txminBN-1,rxmaxBN-1,rxminBN-1,esN,sesN,txMaxAN,txminAN,rxmaxAN,rxminAN,txMaxBN,txminBN,rxmaxBN,rxminBN,lowthr,ptx,RxNominal,Thr_min,label
6897,2018-10-29 20:15:00,2018-10-29 20:30:00,2018-10-29 20:45:00,19,5,42,28,1,0.0,0.0,12.0,12.0,-49.0,-50.0,2.0,2.0,-40.0,-41.0,0.0,0.0,13.0,12.0,-49.0,-68.0,5.0,2.0,-41.0,-62.0,11.0,1.0,15.0,12.0,-51.0,-87.0,5.0,2.0,-43.0,-80.0,-75.0,15.0,-37,-83,1.0
7116,2018-08-23 17:00:00,2018-08-23 17:15:00,2018-08-23 17:30:00,19,2,18,28,1,0.0,0.0,18.0,18.0,-52.0,-55.0,18.0,18.0,-52.0,-55.0,0.0,0.0,22.0,18.0,-53.0,-85.0,22.0,18.0,-53.0,-83.0,32.0,0.0,22.0,22.0,-82.0,-97.0,22.0,22.0,-79.0,-94.0,-85.0,23.0,-46,-86,1.0
20610,2019-06-20 17:00:00,2019-06-20 17:15:00,2019-06-20 17:30:00,19,7,18,56,0,0.0,0.0,18.0,18.0,-49.0,-54.0,18.0,18.0,-48.0,-51.0,0.0,0.0,18.0,18.0,-49.0,-60.0,18.0,18.0,-48.0,-61.0,21.0,0.0,18.0,18.0,-56.0,-94.0,18.0,18.0,-54.0,-94.0,-71.0,19.0,-35,-84,1.0
127346,2018-09-17 16:30:00,2018-09-17 16:45:00,2018-09-17 17:00:00,19,2,18,28,1,0.0,0.0,14.0,14.0,-56.0,-58.0,14.0,14.0,-57.0,-58.0,0.0,0.0,18.0,14.0,-57.0,-78.0,18.0,14.0,-57.0,-82.0,22.0,0.0,18.0,15.0,-68.0,-89.0,18.0,14.0,-70.0,-94.0,-85.0,23.0,-45,-86,1.0
127346,2018-09-17 16:45:00,2018-09-17 17:00:00,2018-09-17 17:15:00,19,2,18,28,1,0.0,0.0,18.0,14.0,-57.0,-78.0,18.0,14.0,-57.0,-82.0,22.0,0.0,18.0,15.0,-68.0,-89.0,18.0,14.0,-70.0,-94.0,41.0,0.0,18.0,14.0,-67.0,-97.0,18.0,14.0,-67.0,-97.0,-85.0,23.0,-45,-86,1.0
127346,2018-09-17 17:00:00,2018-09-17 17:15:00,2018-09-17 17:30:00,19,2,18,28,1,22.0,0.0,18.0,15.0,-68.0,-89.0,18.0,14.0,-70.0,-94.0,41.0,0.0,18.0,14.0,-67.0,-97.0,18.0,14.0,-67.0,-97.0,24.0,3.0,18.0,15.0,-70.0,-97.0,18.0,15.0,-71.0,-97.0,-85.0,23.0,-45,-86,1.0
127346,2018-06-22 16:00:00,2018-06-22 16:15:00,2018-06-22 16:30:00,19,2,18,28,1,0.0,0.0,16.0,14.0,-58.0,-74.0,16.0,14.0,-58.0,-71.0,0.0,0.0,18.0,14.0,-58.0,-81.0,18.0,14.0,-58.0,-78.0,81.0,0.0,18.0,18.0,-81.0,-97.0,18.0,18.0,-78.0,-97.0,-85.0,23.0,-45,-86,1.0
127346,2018-06-22 15:00:00,2018-06-22 15:15:00,2018-06-22 15:30:00,19,2,18,28,1,0.0,0.0,14.0,14.0,-57.0,-58.0,14.0,14.0,-56.0,-58.0,0.0,0.0,15.0,14.0,-57.0,-66.0,15.0,14.0,-57.0,-66.0,11.0,0.0,18.0,14.0,-60.0,-96.0,18.0,14.0,-60.0,-92.0,-85.0,23.0,-45,-86,1.0
662836,2019-06-07 14:30:00,2019-06-07 14:45:00,2019-06-07 15:00:00,19,8,18,56,0,13.0,1.0,17.0,17.0,-53.0,-73.0,17.0,17.0,-55.0,-76.0,0.0,0.0,17.0,17.0,-55.0,-65.0,17.0,17.0,-57.0,-68.0,1.0,0.0,17.0,17.0,-56.0,-79.0,17.0,17.0,-58.0,-87.0,-68.0,19.0,-36,-84,1.0
662836,2019-06-07 14:00:00,2019-06-07 14:15:00,2019-06-07 14:30:00,19,8,18,56,0,0.0,0.0,17.0,17.0,-56.0,-64.0,17.0,17.0,-57.0,-65.0,0.0,0.0,17.0,17.0,-57.0,-65.0,17.0,17.0,-59.0,-67.0,13.0,1.0,17.0,17.0,-53.0,-73.0,17.0,17.0,-55.0,-76.0,-68.0,19.0,-36,-84,1.0
662836,2019-06-07 14:00:00,2019-06-07 14:15:00,2019-06-07 14:30:00,19,8,18,56,0,0.0,0.0,17.0,17.0,-54.0,-61.0,17.0,17.0,-57.0,-66.0,0.0,0.0,17.0,17.0,-55.0,-63.0,17.0,17.0,-58.0,-66.0,24.0,11.0,17.0,17.0,-51.0,-73.0,17.0,17.0,-53.0,-77.0,-68.0,19.0,-36,-84,1.0
286446,2019-06-06 02:45:00,2019-06-06 03:00:00,2019-06-06 03:15:00,19,9,11,40,0,0.0,0.0,23.0,23.0,-28.0,-46.0,23.0,23.0,-32.0,-57.0,0.0,0.0,23.0,23.0,-33.0,-51.0,23.0,23.0,-36.0,-58.0,0.0,0.0,23.0,23.0,-35.0,-48.0,23.0,23.0,-34.0,-73.0,-66.5,23.0,-41,-85,2.0
6183,2019-06-05 11:15:00,2019-06-05 11:30:00,2019-06-05 11:45:00,19,6,18,28,1,0.0,0.0,18.0,18.0,-37.0,-38.0,18.0,18.0,-39.0,-40.0,1.0,0.0,20.0,,-37.0,-75.0,20.0,,-36.0,-70.0,0.0,0.0,20.0,18.0,-36.0,-67.0,19.0,,-36.0,-40.0,-74.5,21.0,-39,-86,3.0
14220,2018-10-22 04:30:00,2018-10-22 04:45:00,2018-10-22 05:00:00,19,9,11,40,0,0.0,0.0,21.0,21.0,-42.0,-43.0,21.0,21.0,-41.0,-42.0,75.0,17.0,22.0,21.0,-43.0,-81.0,22.0,21.0,-42.0,-84.0,4.0,0.0,22.0,22.0,-42.0,-86.0,22.0,22.0,-42.0,-90.0,-66.5,23.0,-39,-85,3.0
14220,2018-10-22 04:15:00,2018-10-22 04:30:00,2018-10-22 04:45:00,19,9,11,40,0,0.0,0.0,21.0,21.0,-42.0,-44.0,21.0,21.0,-41.0,-44.0,0.0,0.0,21.0,21.0,-42.0,-43.0,21.0,21.0,-41.0,-42.0,75.0,17.0,22.0,21.0,-43.0,-81.0,22.0,21.0,-42.0,-84.0,-66.5,23.0,-39,-85,3.0
21516,2018-10-30 03:15:00,2018-10-30 03:30:00,2018-10-30 03:45:00,19,8,18,56,0,0.0,0.0,15.0,15.0,-37.0,-38.0,15.0,15.0,-37.0,-37.0,0.0,0.0,15.0,15.0,-37.0,-38.0,15.0,15.0,-36.0,-37.0,1.0,0.0,15.0,15.0,-37.0,-83.0,15.0,15.0,-37.0,-84.0,-68.0,19.0,-44,-84,3.0
132524,2019-06-20 04:30:00,2019-06-20 04:45:00,2019-06-20 05:00:00,19,9,7,28,0,0.0,0.0,22.0,22.0,-44.0,-47.0,22.0,22.0,-43.0,-46.0,0.0,0.0,22.0,22.0,-42.0,-54.0,22.0,22.0,-41.0,-58.0,30.0,12.0,22.0,22.0,-54.0,-69.0,22.0,22.0,-56.0,-73.0,-68.5,24.0,-45,-87,3.0
132524,2019-06-20 04:30:00,2019-06-20 04:45:00,2019-06-20 05:00:00,19,9,7,28,0,0.0,0.0,22.0,22.0,-45.0,-48.0,22.0,22.0,-44.0,-48.0,0.0,0.0,22.0,22.0,-43.0,-56.0,22.0,22.0,-42.0,-61.0,17.0,10.0,22.0,22.0,-55.0,-79.0,22.0,22.0,-56.0,-76.0,-68.5,24.0,-45,-87,3.0
570832,2019-06-12 04:45:00,2019-06-12 05:00:00,2019-06-12 05:15:00,19,7,11,40,0,0.0,0.0,23.0,23.0,-53.0,-70.0,23.0,23.0,-52.0,-68.0,6.0,4.0,23.0,23.0,-55.0,-78.0,23.0,23.0,-54.0,-72.0,10.0,6.0,23.0,23.0,-55.0,-82.0,23.0,23.0,-54.0,-78.0,-72.0,24.0,-55,-85,3.0
570832,2019-06-12 05:00:00,2019-06-12 05:15:00,2019-06-12 05:30:00,19,7,11,40,0,6.0,4.0,23.0,23.0,-55.0,-78.0,23.0,23.0,-54.0,-72.0,10.0,6.0,23.0,23.0,-55.0,-82.0,23.0,23.0,-54.0,-78.0,27.0,17.0,23.0,23.0,-59.0,-81.0,23.0,23.0,-57.0,-80.0,-72.0,24.0,-55,-85,3.0
1211633,2018-10-18 14:45:00,2018-10-18 15:00:00,2018-10-18 15:15:00,19,8,18,56,0,30.0,1.0,18.0,18.0,-49.0,-82.0,18.0,18.0,-49.0,-79.0,49.0,12.0,18.0,18.0,-55.0,-84.0,18.0,18.0,-54.0,-80.0,71.0,9.0,18.0,18.0,-57.0,-78.0,18.0,18.0,-54.0,-75.0,-68.0,19.0,-43,-84,3.0
1211633,2018-10-18 14:30:00,2018-10-18 14:45:00,2018-10-18 15:00:00,19,8,18,56,0,0.0,0.0,18.0,18.0,-52.0,-66.0,18.0,18.0,-51.0,-64.0,30.0,1.0,18.0,18.0,-49.0,-82.0,18.0,18.0,-49.0,-79.0,49.0,12.0,18.0,18.0,-55.0,-84.0,18.0,18.0,-54.0,-80.0,-68.0,19.0,-43,-84,3.0
1211633,2018-10-18 15:30:00,2018-10-18 15:45:00,2018-10-18 16:00:00,19,8,18,56,0,0.0,0.0,18.0,18.0,-50.0,-60.0,18.0,18.0,-49.0,-59.0,7.0,0.0,18.0,18.0,-60.0,-94.0,18.0,18.0,-59.0,-94.0,37.0,0.0,18.0,18.0,-66.0,-94.0,18.0,18.0,-63.0,-94.0,-68.0,19.0,-43,-84,3.0
1211633,2018-10-18 15:15:00,2018-10-18 15:30:00,2018-10-18 15:45:00,19,8,18,56,0,71.0,9.0,18.0,18.0,-57.0,-78.0,18.0,18.0,-54.0,-75.0,0.0,0.0,18.0,18.0,-50.0,-60.0,18.0,18.0,-49.0,-59.0,7.0,0.0,18.0,18.0,-60.0,-94.0,18.0,18.0,-59.0,-94.0,-68.0,19.0,-43,-84,3.0
1211633,2018-10-18 14:15:00,2018-10-18 14:30:00,2018-10-18 14:45:00,19,8,18,56,0,0.0,0.0,18.0,18.0,-47.0,-58.0,18.0,18.0,-46.0,-57.0,0.0,0.0,18.0,18.0,-52.0,-66.0,18.0,18.0,-51.0,-64.0,30.0,1.0,18.0,18.0,-49.0,-82.0,18.0,18.0,-49.0,-79.0,-68.0,19.0,-43,-84,3.0
78061,2018-11-01 10:00:00,2018-11-01 10:15:00,2018-11-01 10:30:00,19,3,42,56,1,0.0,0.0,6.0,6.0,-57.0,-63.0,6.0,6.0,-45.0,-51.0,2.0,0.0,6.0,2.0,-56.0,-62.0,6.0,6.0,-46.0,-53.0,7.0,0.0,6.0,2.0,-56.0,-63.0,6.0,6.0,-47.0,-56.0,-74.0,17.0,-38,-81,4.0
78061,2018-11-17 08:15:00,2018-11-17 08:30:00,2018-11-17 08:45:00,19,3,42,56,1,0.0,0.0,6.0,2.0,-51.0,-51.0,6.0,6.0,-38.0,-42.0,3.0,0.0,6.0,2.0,-50.0,-51.0,6.0,6.0,-38.0,-43.0,142.0,32.0,6.0,2.0,-50.0,-52.0,6.0,3.0,-39.0,-43.0,-74.0,17.0,-38,-81,4.0
78061,2018-12-05 15:15:00,2018-12-05 15:30:00,2018-12-05 15:45:00,19,3,42,56,1,0.0,0.0,6.0,6.0,-44.0,-44.0,3.0,3.0,-37.0,-38.0,142.0,12.0,6.0,,-43.0,-83.0,3.0,,-36.0,-84.0,14.0,0.0,6.0,6.0,-43.0,-44.0,3.0,3.0,-36.0,-37.0,-74.0,17.0,-38,-81,4.0
78061,2018-11-17 07:15:00,2018-11-17 07:30:00,2018-11-17 07:45:00,19,3,42,56,1,0.0,0.0,6.0,6.0,-51.0,-51.0,6.0,6.0,-38.0,-39.0,47.0,20.0,6.0,2.0,-51.0,-51.0,6.0,6.0,-38.0,-43.0,16.0,7.0,6.0,2.0,-51.0,-51.0,6.0,6.0,-38.0,-43.0,-74.0,17.0,-38,-81,4.0
78061,2018-12-05 04:15:00,2018-12-05 04:30:00,2018-12-05 04:45:00,19,3,42,56,1,86.0,0.0,6.0,6.0,-45.0,-45.0,3.0,3.0,-36.0,-37.0,105.0,0.0,6.0,6.0,-45.0,-45.0,3.0,3.0,-37.0,-37.0,62.0,0.0,6.0,6.0,-45.0,-45.0,3.0,3.0,-36.0,-37.0,-74.0,17.0,-38,-81,4.0
78061,2018-12-05 07:15:00,2018-12-05 07:30:00,2018-12-05 07:45:00,19,3,42,56,1,0.0,0.0,6.0,6.0,-44.0,-45.0,3.0,3.0,-36.0,-36.0,0.0,0.0,6.0,6.0,-45.0,-45.0,3.0,3.0,-36.0,-37.0,33.0,0.0,6.0,6.0,-45.0,-45.0,3.0,3.0,-36.0,-37.0,-74.0,17.0,-38,-81,4.0
78061,2018-11-16 23:45:00,2018-11-17 00:00:00,2018-11-17 00:15:00,19,3,42,56,1,0.0,0.0,2.0,2.0,-49.0,-50.0,6.0,6.0,-43.0,-44.0,0.0,0.0,2.0,2.0,-50.0,-50.0,6.0,6.0,-43.0,-44.0,58.0,12.0,6.0,2.0,-50.0,-52.0,6.0,3.0,-40.0,-44.0,-74.0,17.0,-38,-81,4.0
78061,2018-12-05 06:00:00,2018-12-05 06:15:00,2018-12-05 06:30:00,19,3,42,56,1,0.0,0.0,6.0,6.0,-44.0,-45.0,3.0,3.0,-36.0,-36.0,0.0,0.0,6.0,6.0,-44.0,-45.0,3.0,3.0,-36.0,-36.0,7.0,0.0,6.0,6.0,-44.0,-45.0,3.0,3.0,-36.0,-37.0,-74.0,17.0,-38,-81,4.0
78061,2018-11-01 10:15:00,2018-11-01 10:30:00,2018-11-01 10:45:00,19,3,42,56,1,2.0,0.0,6.0,2.0,-56.0,-62.0,6.0,6.0,-46.0,-53.0,7.0,0.0,6.0,2.0,-56.0,-63.0,6.0,6.0,-47.0,-56.0,0.0,0.0,6.0,2.0,-59.0,-65.0,6.0,6.0,-48.0,-55.0,-74.0,17.0,-38,-81,4.0
78061,2018-11-01 13:45:00,2018-11-01 14:00:00,2018-11-01 14:15:00,19,3,42,56,1,13.0,0.0,6.0,2.0,-55.0,-65.0,6.0,6.0,-49.0,-58.0,8.0,0.0,6.0,2.0,-55.0,-63.0,6.0,6.0,-48.0,-54.0,25.0,0.0,6.0,2.0,-55.0,-61.0,6.0,6.0,-45.0,-53.0,-74.0,17.0,-38,-81,4.0
78061,2018-11-17 03:15:00,2018-11-17 03:30:00,2018-11-17 03:45:00,19,3,42,56,1,192.0,84.0,6.0,2.0,-51.0,-51.0,6.0,6.0,-38.0,-44.0,1.0,0.0,2.0,2.0,-50.0,-51.0,6.0,6.0,-43.0,-44.0,60.0,24.0,6.0,2.0,-51.0,-51.0,6.0,6.0,-38.0,-44.0,-74.0,17.0,-38,-81,4.0
78061,2018-11-17 02:45:00,2018-11-17 03:00:00,2018-11-17 03:15:00,19,3,42,56,1,49.0,18.0,6.0,2.0,-51.0,-51.0,6.0,6.0,-38.0,-44.0,0.0,0.0,6.0,6.0,-51.0,-51.0,6.0,6.0,-38.0,-39.0,192.0,84.0,6.0,2.0,-51.0,-51.0,6.0,6.0,-38.0,-44.0,-74.0,17.0,-38,-81,4.0
78061,2018-11-01 09:15:00,2018-11-01 09:30:00,2018-11-01 09:45:00,19,3,42,56,1,0.0,0.0,2.0,2.0,-53.0,-57.0,6.0,3.0,-47.0,-49.0,18.0,0.0,6.0,2.0,-54.0,-66.0,6.0,6.0,-45.0,-54.0,3.0,0.0,6.0,2.0,-56.0,-62.0,6.0,6.0,-46.0,-51.0,-74.0,17.0,-38,-81,4.0
78061,2018-11-17 02:00:00,2018-11-17 02:15:00,2018-11-17 02:30:00,19,3,42,56,1,14.0,7.0,6.0,2.0,-50.0,-52.0,6.0,3.0,-39.0,-44.0,0.0,0.0,2.0,2.0,-51.0,-51.0,6.0,6.0,-43.0,-44.0,71.0,30.0,6.0,2.0,-51.0,-51.0,6.0,6.0,-39.0,-44.0,-74.0,17.0,-38,-81,4.0
78061,2018-11-17 05:15:00,2018-11-17 05:30:00,2018-11-17 05:45:00,19,3,42,56,1,103.0,39.0,6.0,2.0,-51.0,-51.0,6.0,6.0,-38.0,-43.0,0.0,0.0,6.0,2.0,-51.0,-51.0,6.0,6.0,-38.0,-41.0,47.0,12.0,6.0,2.0,-51.0,-51.0,6.0,6.0,-38.0,-43.0,-74.0,17.0,-38,-81,4.0
78061,2018-11-01 11:00:00,2018-11-01 11:15:00,2018-11-01 11:30:00,19,3,42,56,1,5.0,0.0,6.0,2.0,-56.0,-73.0,6.0,6.0,-47.0,-61.0,16.0,0.0,6.0,2.0,-56.0,-60.0,6.0,6.0,-46.0,-53.0,17.0,2.0,6.0,2.0,-56.0,-62.0,6.0,6.0,-46.0,-52.0,-74.0,17.0,-38,-81,4.0
78061,2018-11-01 09:00:00,2018-11-01 09:15:00,2018-11-01 09:30:00,19,3,42,56,1,0.0,0.0,2.0,2.0,-54.0,-55.0,6.0,6.0,-47.0,-49.0,0.0,0.0,2.0,2.0,-53.0,-57.0,6.0,3.0,-47.0,-49.0,18.0,0.0,6.0,2.0,-54.0,-66.0,6.0,6.0,-45.0,-54.0,-74.0,17.0,-38,-81,4.0
78061,2018-11-01 09:45:00,2018-11-01 10:00:00,2018-11-01 10:15:00,19,3,42,56,1,3.0,0.0,6.0,2.0,-56.0,-62.0,6.0,6.0,-46.0,-51.0,0.0,0.0,6.0,6.0,-57.0,-63.0,6.0,6.0,-45.0,-51.0,2.0,0.0,6.0,2.0,-56.0,-62.0,6.0,6.0,-46.0,-53.0,-74.0,17.0,-38,-81,4.0
78061,2018-11-01 13:00:00,2018-11-01 13:15:00,2018-11-01 13:30:00,19,3,42,56,1,6.0,2.0,6.0,2.0,-54.0,-68.0,6.0,6.0,-45.0,-57.0,83.0,0.0,6.0,2.0,-60.0,-67.0,6.0,6.0,-49.0,-59.0,21.0,0.0,6.0,2.0,-56.0,-67.0,6.0,6.0,-46.0,-55.0,-74.0,17.0,-38,-81,4.0
78061,2018-11-01 13:30:00,2018-11-01 13:45:00,2018-11-01 14:00:00,19,3,42,56,1,21.0,0.0,6.0,2.0,-56.0,-67.0,6.0,6.0,-46.0,-55.0,13.0,0.0,6.0,2.0,-55.0,-65.0,6.0,6.0,-49.0,-58.0,8.0,0.0,6.0,2.0,-55.0,-63.0,6.0,6.0,-48.0,-54.0,-74.0,17.0,-38,-81,4.0
78061,2018-12-05 15:00:00,2018-12-05 15:15:00,2018-12-05 15:30:00,19,3,42,56,1,0.0,0.0,6.0,6.0,-44.0,-44.0,3.0,3.0,-37.0,-38.0,0.0,0.0,6.0,6.0,-44.0,-44.0,3.0,3.0,-37.0,-38.0,142.0,12.0,6.0,,-43.0,-83.0,3.0,,-36.0,-84.0,-74.0,17.0,-38,-81,4.0
78061,2018-11-01 10:30:00,2018-11-01 10:45:00,2018-11-01 11:00:00,19,3,42,56,1,7.0,0.0,6.0,2.0,-56.0,-63.0,6.0,6.0,-47.0,-56.0,0.0,0.0,6.0,2.0,-59.0,-65.0,6.0,6.0,-48.0,-55.0,5.0,0.0,6.0,2.0,-56.0,-73.0,6.0,6.0,-47.0,-61.0,-74.0,17.0,-38,-81,4.0
78061,2018-12-05 04:45:00,2018-12-05 05:00:00,2018-12-05 05:15:00,19,3,42,56,1,62.0,0.0,6.0,6.0,-45.0,-45.0,3.0,3.0,-36.0,-37.0,87.0,0.0,6.0,6.0,-45.0,-45.0,3.0,3.0,-37.0,-37.0,44.0,0.0,6.0,6.0,-44.0,-45.0,3.0,3.0,-36.0,-37.0,-74.0,17.0,-38,-81,4.0
78061,2018-11-17 01:00:00,2018-11-17 01:15:00,2018-11-17 01:30:00,19,3,42,56,1,0.0,0.0,2.0,2.0,-50.0,-50.0,6.0,6.0,-43.0,-43.0,0.0,0.0,2.0,2.0,-50.0,-50.0,6.0,6.0,-43.0,-43.0,5.0,0.0,6.0,2.0,-50.0,-52.0,6.0,3.0,-39.0,-44.0,-74.0,17.0,-38,-81,4.0
78061,2018-11-17 08:00:00,2018-11-17 08:15:00,2018-11-17 08:30:00,19,3,42,56,1,0.0,0.0,6.0,3.0,-51.0,-51.0,6.0,6.0,-38.0,-40.0,0.0,0.0,6.0,2.0,-51.0,-51.0,6.0,6.0,-38.0,-42.0,3.0,0.0,6.0,2.0,-50.0,-51.0,6.0,6.0,-38.0,-43.0,-74.0,17.0,-38,-81,4.0
78061,2018-11-17 01:30:00,2018-11-17 01:45:00,2018-11-17 02:00:00,19,3,42,56,1,5.0,0.0,6.0,2.0,-50.0,-52.0,6.0,3.0,-39.0,-44.0,0.0,0.0,6.0,2.0,-50.0,-53.0,6.0,3.0,-39.0,-43.0,14.0,7.0,6.0,2.0,-50.0,-52.0,6.0,3.0,-39.0,-44.0,-74.0,17.0,-38,-81,4.0
127346,2018-06-07 16:30:00,2018-06-07 16:45:00,2018-06-07 17:00:00,19,2,18,28,1,900.0,83.0,23.0,19.0,-49.0,-54.0,23.0,19.0,-49.0,-54.0,900.0,53.0,23.0,19.0,-49.0,-60.0,23.0,19.0,-49.0,-59.0,857.0,128.0,23.0,19.0,-49.0,-54.0,23.0,19.0,-49.0,-54.0,-85.0,23.0,-45,-86,4.0
127346,2018-06-07 11:45:00,2018-06-07 12:00:00,2018-06-07 12:15:00,19,2,18,28,1,900.0,208.0,23.0,19.0,-48.0,-56.0,23.0,19.0,-47.0,-55.0,514.0,135.0,23.0,19.0,-45.0,-55.0,23.0,19.0,-45.0,-55.0,295.0,102.0,23.0,19.0,-46.0,-54.0,23.0,19.0,-47.0,-53.0,-85.0,23.0,-45,-86,4.0
127346,2018-03-07 20:30:00,2018-03-07 20:45:00,2018-03-07 21:00:00,19,2,18,28,1,478.0,23.0,20.0,19.0,-53.0,-58.0,23.0,19.0,-52.0,-58.0,771.0,70.0,23.0,19.0,-50.0,-55.0,23.0,19.0,-50.0,-55.0,673.0,26.0,23.0,19.0,-51.0,-53.0,23.0,19.0,-50.0,-53.0,-85.0,23.0,-45,-86,4.0
127346,2018-06-07 11:30:00,2018-06-07 11:45:00,2018-06-07 12:00:00,19,2,18,28,1,900.0,222.0,23.0,19.0,-47.0,-55.0,23.0,19.0,-48.0,-55.0,900.0,208.0,23.0,19.0,-48.0,-56.0,23.0,19.0,-47.0,-55.0,514.0,135.0,23.0,19.0,-45.0,-55.0,23.0,19.0,-45.0,-55.0,-85.0,23.0,-45,-86,4.0
127346,2018-06-07 10:15:00,2018-06-07 10:30:00,2018-06-07 10:45:00,19,2,18,28,1,900.0,85.0,23.0,19.0,-48.0,-56.0,23.0,19.0,-48.0,-55.0,900.0,128.0,23.0,19.0,-48.0,-56.0,23.0,19.0,-48.0,-56.0,836.0,170.0,23.0,19.0,-47.0,-56.0,23.0,19.0,-48.0,-56.0,-85.0,23.0,-45,-86,4.0
127346,2018-06-07 10:30:00,2018-06-07 10:45:00,2018-06-07 11:00:00,19,2,18,28,1,900.0,128.0,23.0,19.0,-48.0,-56.0,23.0,19.0,-48.0,-56.0,836.0,170.0,23.0,19.0,-47.0,-56.0,23.0,19.0,-48.0,-56.0,510.0,188.0,23.0,19.0,-45.0,-56.0,23.0,19.0,-45.0,-56.0,-85.0,23.0,-45,-86,4.0
127346,2018-03-07 21:00:00,2018-03-07 21:15:00,2018-03-07 21:30:00,19,2,18,28,1,673.0,26.0,23.0,19.0,-51.0,-53.0,23.0,19.0,-50.0,-53.0,539.0,36.0,23.0,19.0,-50.0,-53.0,23.0,19.0,-49.0,-53.0,640.0,46.0,23.0,19.0,-50.0,-53.0,23.0,19.0,-52.0,-53.0,-85.0,23.0,-45,-86,4.0
127346,2018-03-07 19:45:00,2018-03-07 20:00:00,2018-03-07 20:15:00,19,2,18,28,1,401.0,13.0,23.0,-6.0,-52.0,-97.0,23.0,-6.0,-52.0,-98.0,422.0,29.0,23.0,19.0,-53.0,-57.0,23.0,19.0,-54.0,-57.0,498.0,58.0,23.0,19.0,-50.0,-58.0,23.0,19.0,-51.0,-57.0,-85.0,23.0,-45,-86,4.0
127346,2018-06-07 12:00:00,2018-06-07 12:15:00,2018-06-07 12:30:00,19,2,18,28,1,514.0,135.0,23.0,19.0,-45.0,-55.0,23.0,19.0,-45.0,-55.0,295.0,102.0,23.0,19.0,-46.0,-54.0,23.0,19.0,-47.0,-53.0,522.0,163.0,23.0,19.0,-46.0,-53.0,23.0,19.0,-46.0,-54.0,-85.0,23.0,-45,-86,4.0
127346,2018-03-13 06:15:00,2018-03-13 06:30:00,2018-03-13 06:45:00,19,2,18,28,1,0.0,0.0,19.0,19.0,-54.0,-55.0,19.0,19.0,-54.0,-55.0,0.0,0.0,19.0,19.0,-54.0,-55.0,19.0,19.0,-54.0,-55.0,218.0,16.0,23.0,19.0,-52.0,-55.0,23.0,19.0,-51.0,-71.0,-85.0,23.0,-45,-86,4.0
127346,2018-06-07 12:15:00,2018-06-07 12:30:00,2018-06-07 12:45:00,19,2,18,28,1,295.0,102.0,23.0,19.0,-46.0,-54.0,23.0,19.0,-47.0,-53.0,522.0,163.0,23.0,19.0,-46.0,-53.0,23.0,19.0,-46.0,-54.0,791.0,108.0,23.0,19.0,-47.0,-53.0,23.0,19.0,-47.0,-53.0,-85.0,23.0,-45,-86,4.0
127346,2018-06-07 22:45:00,2018-06-07 23:00:00,2018-06-07 23:15:00,19,2,18,28,1,900.0,151.0,23.0,19.0,-49.0,-54.0,23.0,19.0,-50.0,-54.0,900.0,155.0,23.0,19.0,-49.0,-54.0,23.0,19.0,-49.0,-54.0,860.0,184.0,23.0,19.0,-48.0,-53.0,23.0,19.0,-49.0,-53.0,-85.0,23.0,-45,-86,4.0
127346,2018-03-07 18:30:00,2018-03-07 18:45:00,2018-03-07 19:00:00,19,2,18,28,1,8.0,0.0,19.0,19.0,-59.0,-62.0,19.0,19.0,-58.0,-61.0,344.0,18.0,23.0,-6.0,-60.0,-98.0,23.0,-6.0,-59.0,-98.0,555.0,61.0,23.0,19.0,-58.0,-64.0,23.0,19.0,-59.0,-63.0,-85.0,23.0,-45,-86,4.0
127346,2018-06-07 10:45:00,2018-06-07 11:00:00,2018-06-07 11:15:00,19,2,18,28,1,836.0,170.0,23.0,19.0,-47.0,-56.0,23.0,19.0,-48.0,-56.0,510.0,188.0,23.0,19.0,-45.0,-56.0,23.0,19.0,-45.0,-56.0,689.0,204.0,23.0,19.0,-46.0,-55.0,23.0,19.0,-47.0,-56.0,-85.0,23.0,-45,-86,4.0
127346,2018-06-07 13:45:00,2018-06-07 14:00:00,2018-06-07 14:15:00,19,2,18,28,1,845.0,40.0,23.0,19.0,-49.0,-53.0,23.0,19.0,-49.0,-53.0,785.0,48.0,23.0,19.0,-47.0,-53.0,23.0,19.0,-47.0,-53.0,820.0,59.0,23.0,19.0,-47.0,-53.0,23.0,19.0,-47.0,-53.0,-85.0,23.0,-45,-86,4.0
127346,2018-06-07 14:45:00,2018-06-07 15:00:00,2018-06-07 15:15:00,19,2,18,28,1,844.0,25.0,23.0,19.0,-50.0,-53.0,23.0,19.0,-50.0,-53.0,867.0,69.0,23.0,19.0,-47.0,-53.0,23.0,19.0,-47.0,-53.0,740.0,68.0,23.0,19.0,-47.0,-54.0,23.0,19.0,-47.0,-54.0,-85.0,23.0,-45,-86,4.0
160138,2019-06-07 12:15:00,2019-06-07 12:30:00,2019-06-07 12:45:00,19,9,11,40,0,28.0,0.0,23.0,23.0,-49.0,-51.0,23.0,23.0,-48.0,-50.0,228.0,2.0,23.0,22.0,-49.0,-50.0,23.0,23.0,-48.0,-50.0,509.0,12.0,24.0,22.0,-49.0,-50.0,23.0,23.0,-48.0,-49.0,-66.5,23.0,-44,-85,4.0
14220,2018-10-22 10:45:00,2018-10-22 11:00:00,2018-10-22 11:15:00,19,9,11,40,0,0.0,0.0,21.0,21.0,-41.0,-42.0,21.0,21.0,-40.0,-42.0,0.0,0.0,21.0,21.0,-41.0,-42.0,21.0,21.0,-41.0,-42.0,2.0,0.0,21.0,21.0,-41.0,-96.0,22.0,21.0,-41.0,-42.0,-66.5,23.0,-39,-85,5.0
25106,2019-06-20 14:30:00,2019-06-20 14:45:00,2019-06-20 15:00:00,19,2,13,28,1,0.0,0.0,23.0,23.0,-50.0,-64.0,23.0,23.0,-50.0,-64.0,0.0,0.0,24.0,23.0,-50.0,-65.0,24.0,23.0,-51.0,-65.0,0.0,0.0,23.0,22.0,-48.0,-56.0,27.0,20.0,-49.0,-98.0,-85.5,28.0,-45,-87,5.0
78061,2019-01-13 09:45:00,2019-01-13 10:00:00,2019-01-13 10:15:00,19,3,42,56,1,0.0,0.0,,,-93.0,-93.0,6.0,6.0,-95.0,-95.0,0.0,0.0,,,-93.0,-93.0,6.0,6.0,-95.0,-95.0,0.0,0.0,,,-92.0,-93.0,6.0,6.0,-95.0,-95.0,-74.0,17.0,-38,-81,5.0
78061,2019-01-13 07:00:00,2019-01-13 07:15:00,2019-01-13 07:30:00,19,3,42,56,1,0.0,0.0,,,,,6.0,6.0,-95.0,-95.0,0.0,0.0,,,,,6.0,6.0,-95.0,-95.0,0.0,0.0,,,-90.0,-91.0,6.0,6.0,-95.0,-95.0,-74.0,17.0,-38,-81,5.0
78061,2019-01-13 07:30:00,2019-01-13 07:45:00,2019-01-13 08:00:00,19,3,42,56,1,0.0,0.0,,,-90.0,-91.0,6.0,6.0,-95.0,-95.0,0.0,0.0,,,-91.0,-91.0,6.0,6.0,-95.0,-95.0,0.0,0.0,,,-91.0,-91.0,6.0,6.0,-95.0,-95.0,-74.0,17.0,-38,-81,5.0
78061,2019-01-13 10:30:00,2019-01-13 10:45:00,2019-01-13 11:00:00,19,3,42,56,1,0.0,0.0,,,-93.0,-93.0,6.0,6.0,-95.0,-95.0,0.0,0.0,,,-93.0,-93.0,6.0,6.0,-94.0,-95.0,0.0,0.0,,,-93.0,-93.0,6.0,6.0,-94.0,-94.0,-74.0,17.0,-38,-81,5.0
78061,2019-01-13 08:30:00,2019-01-13 08:45:00,2019-01-13 09:00:00,19,3,42,56,1,0.0,0.0,,,-90.0,-91.0,6.0,6.0,-95.0,-95.0,0.0,0.0,,,-91.0,-92.0,6.0,6.0,-95.0,-95.0,0.0,0.0,,,-92.0,-92.0,6.0,6.0,-95.0,-95.0,-74.0,17.0,-38,-81,5.0
78061,2019-01-13 10:45:00,2019-01-13 11:00:00,2019-01-13 11:15:00,19,3,42,56,1,0.0,0.0,,,-93.0,-93.0,6.0,6.0,-94.0,-95.0,0.0,0.0,,,-93.0,-93.0,6.0,6.0,-94.0,-94.0,0.0,0.0,,,-93.0,-93.0,6.0,6.0,-94.0,-94.0,-74.0,17.0,-38,-81,5.0
78061,2019-01-13 08:15:00,2019-01-13 08:30:00,2019-01-13 08:45:00,19,3,42,56,1,0.0,0.0,,,-90.0,-91.0,6.0,6.0,-95.0,-95.0,0.0,0.0,,,-90.0,-91.0,6.0,6.0,-95.0,-95.0,0.0,0.0,,,-91.0,-92.0,6.0,6.0,-95.0,-95.0,-74.0,17.0,-38,-81,5.0
78061,2019-01-13 08:45:00,2019-01-13 09:00:00,2019-01-13 09:15:00,19,3,42,56,1,0.0,0.0,,,-91.0,-92.0,6.0,6.0,-95.0,-95.0,0.0,0.0,,,-92.0,-92.0,6.0,6.0,-95.0,-95.0,0.0,0.0,,,-92.0,-93.0,6.0,6.0,-95.0,-95.0,-74.0,17.0,-38,-81,5.0
78061,2019-01-13 11:00:00,2019-01-13 11:15:00,2019-01-13 11:30:00,19,3,42,56,1,0.0,0.0,,,-93.0,-93.0,6.0,6.0,-94.0,-94.0,0.0,0.0,,,-93.0,-93.0,6.0,6.0,-94.0,-94.0,0.0,0.0,6.0,,-34.0,-93.0,6.0,6.0,-33.0,-94.0,-74.0,17.0,-38,-81,5.0
78061,2019-01-13 10:15:00,2019-01-13 10:30:00,2019-01-13 10:45:00,19,3,42,56,1,0.0,0.0,,,-92.0,-93.0,6.0,6.0,-95.0,-95.0,0.0,0.0,,,-93.0,-93.0,6.0,6.0,-95.0,-95.0,0.0,0.0,,,-93.0,-93.0,6.0,6.0,-94.0,-95.0,-74.0,17.0,-38,-81,5.0
78061,2019-01-13 09:30:00,2019-01-13 09:45:00,2019-01-13 10:00:00,19,3,42,56,1,0.0,0.0,,,-93.0,-93.0,6.0,6.0,-95.0,-95.0,0.0,0.0,,,-93.0,-93.0,6.0,6.0,-95.0,-95.0,0.0,0.0,,,-93.0,-93.0,6.0,6.0,-95.0,-95.0,-74.0,17.0,-38,-81,5.0
78061,2019-01-13 07:15:00,2019-01-13 07:30:00,2019-01-13 07:45:00,19,3,42,56,1,0.0,0.0,,,,,6.0,6.0,-95.0,-95.0,0.0,0.0,,,-90.0,-91.0,6.0,6.0,-95.0,-95.0,0.0,0.0,,,-91.0,-91.0,6.0,6.0,-95.0,-95.0,-74.0,17.0,-38,-81,5.0
78061,2019-01-13 09:15:00,2019-01-13 09:30:00,2019-01-13 09:45:00,19,3,42,56,1,0.0,0.0,,,-92.0,-93.0,6.0,6.0,-95.0,-95.0,0.0,0.0,,,-93.0,-93.0,6.0,6.0,-95.0,-95.0,0.0,0.0,,,-93.0,-93.0,6.0,6.0,-95.0,-95.0,-74.0,17.0,-38,-81,5.0
127346,2018-06-12 13:30:00,2018-06-12 13:45:00,2018-06-12 14:00:00,19,2,18,28,1,900.0,77.0,18.0,14.0,-53.0,-58.0,18.0,14.0,-53.0,-58.0,900.0,97.0,18.0,14.0,-52.0,-58.0,18.0,14.0,-52.0,-58.0,322.0,66.0,18.0,-99.0,-52.0,-58.0,18.0,14.0,-52.0,-97.0,-85.0,23.0,-45,-86,5.0
127346,2018-06-12 13:45:00,2018-06-12 14:00:00,2018-06-12 14:15:00,19,2,18,28,1,900.0,97.0,18.0,14.0,-52.0,-58.0,18.0,14.0,-52.0,-58.0,322.0,66.0,18.0,-99.0,-52.0,-58.0,18.0,14.0,-52.0,-97.0,419.0,79.0,18.0,14.0,-52.0,-57.0,18.0,14.0,-52.0,-97.0,-85.0,23.0,-45,-86,5.0
127346,2018-06-12 14:00:00,2018-06-12 14:15:00,2018-06-12 14:30:00,19,2,18,28,1,322.0,66.0,18.0,-99.0,-52.0,-58.0,18.0,14.0,-52.0,-97.0,419.0,79.0,18.0,14.0,-52.0,-57.0,18.0,14.0,-52.0,-97.0,407.0,53.0,18.0,-99.0,-52.0,-62.0,18.0,14.0,-52.0,-97.0,-85.0,23.0,-45,-86,5.0
637531,2019-05-25 16:30:00,2019-05-25 16:45:00,2019-05-25 17:00:00,29,10,11,40,0,0.0,0.0,22.0,22.0,-46.0,-48.0,22.0,22.0,-47.0,-47.0,33.0,10.0,22.0,22.0,-47.0,-68.0,22.0,22.0,-47.0,-47.0,0.0,0.0,22.0,22.0,-67.0,-93.0,22.0,22.0,-47.0,-47.0,-62.5,23.0,-46,-85,5.0
637531,2019-05-25 16:45:00,2019-05-25 17:00:00,2019-05-25 17:15:00,29,10,11,40,0,33.0,10.0,22.0,22.0,-47.0,-68.0,22.0,22.0,-47.0,-47.0,0.0,0.0,22.0,22.0,-67.0,-93.0,22.0,22.0,-47.0,-47.0,0.0,0.0,22.0,22.0,-63.0,-71.0,22.0,22.0,-47.0,-47.0,-62.5,23.0,-46,-85,5.0
637531,2019-05-25 17:00:00,2019-05-25 17:15:00,2019-05-25 17:30:00,29,10,11,40,0,0.0,0.0,22.0,22.0,-67.0,-93.0,22.0,22.0,-47.0,-47.0,0.0,0.0,22.0,22.0,-63.0,-71.0,22.0,22.0,-47.0,-47.0,5.0,0.0,22.0,22.0,-51.0,-65.0,22.0,22.0,-47.0,-47.0,-62.5,23.0,-46,-85,5.0
1194891,2019-05-30 05:15:00,2019-05-30 05:30:00,2019-05-30 05:45:00,29,5,13,28,1,0.0,0.0,24.0,24.0,-95.0,-96.0,24.0,24.0,-96.0,-96.0,0.0,0.0,24.0,24.0,-95.0,-96.0,24.0,24.0,-96.0,-96.0,0.0,0.0,24.0,24.0,-95.0,-96.0,24.0,24.0,-96.0,-97.0,-79.0,25.0,-49,-86,5.0
1194891,2019-05-30 00:30:00,2019-05-30 00:45:00,2019-05-30 01:00:00,29,5,13,28,1,0.0,0.0,24.0,24.0,-95.0,-96.0,24.0,24.0,-96.0,-96.0,0.0,0.0,24.0,24.0,-95.0,-96.0,24.0,24.0,-96.0,-96.0,0.0,0.0,24.0,24.0,-95.0,-96.0,24.0,24.0,-96.0,-96.0,-79.0,25.0,-49,-86,5.0
1194891,2019-05-30 04:30:00,2019-05-30 04:45:00,2019-05-30 05:00:00,29,5,13,28,1,0.0,0.0,24.0,24.0,-95.0,-96.0,24.0,24.0,-96.0,-97.0,0.0,0.0,24.0,24.0,-95.0,-96.0,24.0,24.0,-96.0,-97.0,0.0,0.0,24.0,24.0,-95.0,-96.0,24.0,24.0,-96.0,-97.0,-79.0,25.0,-49,-86,5.0
1194891,2019-05-30 12:00:00,2019-05-30 12:15:00,2019-05-30 12:30:00,29,5,13,28,1,0.0,0.0,24.0,24.0,-94.0,-96.0,24.0,24.0,-96.0,-97.0,0.0,0.0,24.0,24.0,-94.0,-96.0,24.0,24.0,-96.0,-97.0,0.0,0.0,24.0,24.0,-94.0,-95.0,24.0,24.0,-96.0,-97.0,-79.0,25.0,-49,-86,5.0
1194891,2019-05-30 09:45:00,2019-05-30 10:00:00,2019-05-30 10:15:00,29,5,13,28,1,0.0,0.0,24.0,24.0,-95.0,-96.0,24.0,24.0,-96.0,-97.0,0.0,0.0,24.0,24.0,-95.0,-96.0,24.0,24.0,-96.0,-97.0,0.0,0.0,24.0,24.0,-95.0,-96.0,24.0,24.0,-96.0,-97.0,-79.0,25.0,-49,-86,5.0
1194891,2019-05-30 19:45:00,2019-05-30 20:00:00,2019-05-30 20:15:00,29,5,13,28,1,0.0,0.0,24.0,24.0,-95.0,-96.0,24.0,24.0,-96.0,-97.0,0.0,0.0,24.0,24.0,-95.0,-96.0,24.0,24.0,-96.0,-96.0,0.0,0.0,24.0,24.0,-95.0,-97.0,24.0,24.0,-96.0,-97.0,-79.0,25.0,-49,-86,5.0
1194891,2019-05-30 08:15:00,2019-05-30 08:30:00,2019-05-30 08:45:00,29,5,13,28,1,0.0,0.0,24.0,24.0,-95.0,-96.0,24.0,24.0,-96.0,-97.0,0.0,0.0,24.0,24.0,-94.0,-96.0,24.0,24.0,-96.0,-97.0,0.0,0.0,24.0,24.0,-94.0,-96.0,24.0,24.0,-96.0,-97.0,-79.0,25.0,-49,-86,5.0
1194891,2019-05-30 15:00:00,2019-05-30 15:15:00,2019-05-30 15:30:00,29,5,13,28,1,0.0,0.0,24.0,24.0,-94.0,-96.0,,,-97.0,-97.0,0.0,0.0,24.0,24.0,-95.0,-96.0,,,-97.0,-97.0,0.0,0.0,24.0,24.0,-95.0,-96.0,,,-97.0,-99.0,-79.0,25.0,-49,-86,5.0
1194891,2019-05-30 16:45:00,2019-05-30 17:00:00,2019-05-30 17:15:00,29,5,13,28,1,0.0,0.0,24.0,24.0,-96.0,-97.0,24.0,,-96.0,-97.0,0.0,0.0,24.0,24.0,-96.0,-97.0,24.0,24.0,-96.0,-97.0,0.0,0.0,24.0,24.0,-96.0,-97.0,24.0,24.0,-96.0,-97.0,-79.0,25.0,-49,-86,5.0
1194891,2019-05-30 08:30:00,2019-05-30 08:45:00,2019-05-30 09:00:00,29,5,13,28,1,0.0,0.0,24.0,24.0,-94.0,-96.0,24.0,24.0,-96.0,-97.0,0.0,0.0,24.0,24.0,-94.0,-96.0,24.0,24.0,-96.0,-97.0,0.0,0.0,24.0,24.0,-95.0,-96.0,24.0,24.0,-96.0,-97.0,-79.0,25.0,-49,-86,5.0
1194891,2019-05-30 18:00:00,2019-05-30 18:15:00,2019-05-30 18:30:00,29,5,13,28,1,0.0,0.0,24.0,24.0,-95.0,-96.0,24.0,20.0,-96.0,-97.0,0.0,0.0,24.0,24.0,-95.0,-96.0,24.0,20.0,-96.0,-97.0,0.0,0.0,24.0,24.0,-95.0,-96.0,24.0,20.0,-96.0,-96.0,-79.0,25.0,-49,-86,5.0
1194891,2019-05-30 12:30:00,2019-05-30 12:45:00,2019-05-30 13:00:00,29,5,13,28,1,0.0,0.0,24.0,24.0,-94.0,-95.0,24.0,24.0,-96.0,-97.0,0.0,0.0,24.0,24.0,-94.0,-95.0,24.0,24.0,-96.0,-97.0,0.0,0.0,24.0,24.0,-94.0,-95.0,24.0,24.0,-96.0,-97.0,-79.0,25.0,-49,-86,5.0
1194891,2019-05-30 22:45:00,2019-05-30 23:00:00,2019-05-30 23:15:00,29,5,13,28,1,0.0,0.0,24.0,24.0,-94.0,-95.0,24.0,24.0,-95.0,-96.0,0.0,0.0,24.0,24.0,-94.0,-95.0,24.0,24.0,-95.0,-96.0,0.0,0.0,24.0,24.0,-94.0,-95.0,24.0,24.0,-95.0,-96.0,-79.0,25.0,-49,-86,5.0
1194891,2019-05-30 09:15:00,2019-05-30 09:30:00,2019-05-30 09:45:00,29,5,13,28,1,0.0,0.0,24.0,24.0,-95.0,-96.0,24.0,24.0,-96.0,-97.0,0.0,0.0,24.0,24.0,-95.0,-96.0,24.0,24.0,-96.0,-97.0,0.0,0.0,24.0,24.0,-95.0,-96.0,24.0,24.0,-96.0,-97.0,-79.0,25.0,-49,-86,5.0
1194891,2019-05-30 22:15:00,2019-05-30 22:30:00,2019-05-30 22:45:00,29,5,13,28,1,0.0,0.0,24.0,24.0,-95.0,-96.0,24.0,24.0,-95.0,-96.0,0.0,0.0,24.0,24.0,-95.0,-96.0,24.0,24.0,-96.0,-96.0,0.0,0.0,24.0,24.0,-94.0,-95.0,24.0,24.0,-95.0,-96.0,-79.0,25.0,-49,-86,5.0
1194891,2019-05-30 14:00:00,2019-05-30 14:15:00,2019-05-30 14:30:00,29,5,13,28,1,0.0,0.0,24.0,24.0,-94.0,-96.0,24.0,24.0,-96.0,-97.0,0.0,0.0,24.0,24.0,-94.0,-95.0,24.0,24.0,-96.0,-97.0,0.0,0.0,24.0,24.0,-94.0,-96.0,24.0,,-96.0,-96.0,-79.0,25.0,-49,-86,5.0
1194891,2019-05-30 21:00:00,2019-05-30 21:15:00,2019-05-30 21:30:00,29,5,13,28,1,0.0,0.0,24.0,24.0,-96.0,-96.0,24.0,24.0,-96.0,-96.0,0.0,0.0,24.0,24.0,-95.0,-96.0,24.0,24.0,-95.0,-96.0,0.0,0.0,24.0,24.0,-96.0,-96.0,24.0,24.0,-96.0,-96.0,-79.0,25.0,-49,-86,5.0
1194891,2019-05-30 18:30:00,2019-05-30 18:45:00,2019-05-30 19:00:00,29,5,13,28,1,0.0,0.0,24.0,24.0,-95.0,-96.0,24.0,20.0,-96.0,-96.0,0.0,0.0,24.0,24.0,-95.0,-96.0,24.0,18.0,-96.0,-96.0,0.0,0.0,24.0,24.0,-95.0,-96.0,24.0,17.0,-96.0,-97.0,-79.0,25.0,-49,-86,5.0
1194891,2019-05-30 22:30:00,2019-05-30 22:45:00,2019-05-30 23:00:00,29,5,13,28,1,0.0,0.0,24.0,24.0,-95.0,-96.0,24.0,24.0,-96.0,-96.0,0.0,0.0,24.0,24.0,-94.0,-95.0,24.0,24.0,-95.0,-96.0,0.0,0.0,24.0,24.0,-94.0,-95.0,24.0,24.0,-95.0,-96.0,-79.0,25.0,-49,-86,5.0
1194891,2019-05-30 04:00:00,2019-05-30 04:15:00,2019-05-30 04:30:00,29,5,13,28,1,0.0,0.0,24.0,24.0,-95.0,-96.0,24.0,24.0,-96.0,-96.0,0.0,0.0,24.0,24.0,-95.0,-96.0,24.0,24.0,-96.0,-96.0,0.0,0.0,24.0,24.0,-95.0,-96.0,24.0,24.0,-96.0,-97.0,-79.0,25.0,-49,-86,5.0
1194891,2019-05-30 02:30:00,2019-05-30 02:45:00,2019-05-30 03:00:00,29,5,13,28,1,0.0,0.0,24.0,24.0,-96.0,-96.0,24.0,24.0,-96.0,-96.0,0.0,0.0,24.0,24.0,-96.0,-96.0,24.0,24.0,-96.0,-96.0,0.0,0.0,24.0,24.0,-96.0,-96.0,24.0,24.0,-96.0,-96.0,-79.0,25.0,-49,-86,5.0
1194891,2019-05-30 00:45:00,2019-05-30 01:00:00,2019-05-30 01:15:00,29,5,13,28,1,0.0,0.0,24.0,24.0,-95.0,-96.0,24.0,24.0,-96.0,-96.0,0.0,0.0,24.0,24.0,-95.0,-96.0,24.0,24.0,-96.0,-96.0,0.0,0.0,24.0,24.0,-95.0,-96.0,24.0,24.0,-96.0,-96.0,-79.0,25.0,-49,-86,5.0
1194891,2019-05-30 03:45:00,2019-05-30 04:00:00,2019-05-30 04:15:00,29,5,13,28,1,0.0,0.0,24.0,24.0,-96.0,-96.0,24.0,24.0,-96.0,-97.0,0.0,0.0,24.0,24.0,-95.0,-96.0,24.0,24.0,-96.0,-96.0,0.0,0.0,24.0,24.0,-95.0,-96.0,24.0,24.0,-96.0,-96.0,-79.0,25.0,-49,-86,5.0
1194891,2019-05-30 17:30:00,2019-05-30 17:45:00,2019-05-30 18:00:00,29,5,13,28,1,0.0,0.0,24.0,24.0,-95.0,-96.0,24.0,24.0,-96.0,-97.0,0.0,0.0,24.0,24.0,-95.0,-96.0,24.0,20.0,-96.0,-97.0,0.0,0.0,24.0,24.0,-95.0,-96.0,24.0,20.0,-96.0,-97.0,-79.0,25.0,-49,-86,5.0
1194891,2019-05-30 00:15:00,2019-05-30 00:30:00,2019-05-30 00:45:00,29,5,13,28,1,0.0,0.0,24.0,24.0,-95.0,-96.0,24.0,24.0,-96.0,-96.0,0.0,0.0,24.0,24.0,-95.0,-96.0,24.0,24.0,-96.0,-96.0,0.0,0.0,24.0,24.0,-95.0,-96.0,24.0,24.0,-96.0,-96.0,-79.0,25.0,-49,-86,5.0
1194891,2019-05-30 06:30:00,2019-05-30 06:45:00,2019-05-30 07:00:00,29,5,13,28,1,0.0,0.0,24.0,24.0,-95.0,-96.0,24.0,24.0,-96.0,-97.0,0.0,0.0,24.0,24.0,-96.0,-96.0,24.0,24.0,-96.0,-97.0,0.0,0.0,24.0,24.0,-96.0,-96.0,24.0,24.0,-96.0,-97.0,-79.0,25.0,-49,-86,5.0
1194891,2019-05-30 11:15:00,2019-05-30 11:30:00,2019-05-30 11:45:00,29,5,13,28,1,0.0,0.0,24.0,24.0,-95.0,-96.0,24.0,24.0,-96.0,-97.0,0.0,0.0,24.0,24.0,-94.0,-96.0,24.0,24.0,-96.0,-97.0,0.0,0.0,24.0,24.0,-94.0,-96.0,24.0,24.0,-96.0,-97.0,-79.0,25.0,-49,-86,5.0
1194891,2019-05-30 04:15:00,2019-05-30 04:30:00,2019-05-30 04:45:00,29,5,13,28,1,0.0,0.0,24.0,24.0,-95.0,-96.0,24.0,24.0,-96.0,-96.0,0.0,0.0,24.0,24.0,-95.0,-96.0,24.0,24.0,-96.0,-97.0,0.0,0.0,24.0,24.0,-95.0,-96.0,24.0,24.0,-96.0,-97.0,-79.0,25.0,-49,-86,5.0
1194891,2019-05-30 12:45:00,2019-05-30 13:00:00,2019-05-30 13:15:00,29,5,13,28,1,0.0,0.0,24.0,24.0,-94.0,-95.0,24.0,24.0,-96.0,-97.0,0.0,0.0,24.0,24.0,-94.0,-95.0,24.0,24.0,-96.0,-97.0,0.0,0.0,24.0,24.0,-94.0,-95.0,24.0,24.0,-96.0,-97.0,-79.0,25.0,-49,-86,5.0
1194891,2019-05-30 10:00:00,2019-05-30 10:15:00,2019-05-30 10:30:00,29,5,13,28,1,0.0,0.0,24.0,24.0,-95.0,-96.0,24.0,24.0,-96.0,-97.0,0.0,0.0,24.0,24.0,-95.0,-96.0,24.0,24.0,-96.0,-97.0,0.0,0.0,24.0,24.0,-94.0,-96.0,24.0,24.0,-96.0,-97.0,-79.0,25.0,-49,-86,5.0
1194891,2019-05-30 06:45:00,2019-05-30 07:00:00,2019-05-30 07:15:00,29,5,13,28,1,0.0,0.0,24.0,24.0,-96.0,-96.0,24.0,24.0,-96.0,-97.0,0.0,0.0,24.0,24.0,-96.0,-96.0,24.0,24.0,-96.0,-97.0,0.0,0.0,24.0,24.0,-96.0,-96.0,24.0,24.0,-96.0,-97.0,-79.0,25.0,-49,-86,5.0
1194891,2019-05-30 07:30:00,2019-05-30 07:45:00,2019-05-30 08:00:00,29,5,13,28,1,0.0,0.0,24.0,24.0,-95.0,-96.0,24.0,24.0,-96.0,-97.0,0.0,0.0,24.0,24.0,-95.0,-96.0,24.0,24.0,-96.0,-97.0,0.0,0.0,24.0,24.0,-94.0,-96.0,24.0,24.0,-96.0,-97.0,-79.0,25.0,-49,-86,5.0
1194891,2019-05-30 17:45:00,2019-05-30 18:00:00,2019-05-30 18:15:00,29,5,13,28,1,0.0,0.0,24.0,24.0,-95.0,-96.0,24.0,20.0,-96.0,-97.0,0.0,0.0,24.0,24.0,-95.0,-96.0,24.0,20.0,-96.0,-97.0,0.0,0.0,24.0,24.0,-95.0,-96.0,24.0,20.0,-96.0,-97.0,-79.0,25.0,-49,-86,5.0
1194891,2019-05-30 10:30:00,2019-05-30 10:45:00,2019-05-30 11:00:00,29,5,13,28,1,0.0,0.0,24.0,24.0,-94.0,-96.0,24.0,24.0,-96.0,-97.0,0.0,0.0,24.0,24.0,-94.0,-96.0,24.0,24.0,-96.0,-97.0,0.0,0.0,24.0,24.0,-94.0,-96.0,24.0,24.0,-96.0,-97.0,-79.0,25.0,-49,-86,5.0
1194891,2019-05-30 16:30:00,2019-05-30 16:45:00,2019-05-30 17:00:00,29,5,13,28,1,0.0,0.0,24.0,24.0,-96.0,-97.0,,,-97.0,-97.0,0.0,0.0,24.0,24.0,-96.0,-97.0,24.0,,-96.0,-97.0,0.0,0.0,24.0,24.0,-96.0,-97.0,24.0,24.0,-96.0,-97.0,-79.0,25.0,-49,-86,5.0
1194891,2019-05-30 20:15:00,2019-05-30 20:30:00,2019-05-30 20:45:00,29,5,13,28,1,0.0,0.0,24.0,24.0,-95.0,-97.0,24.0,24.0,-96.0,-97.0,0.0,0.0,24.0,24.0,-96.0,-97.0,24.0,24.0,-96.0,-96.0,0.0,0.0,24.0,24.0,-96.0,-96.0,24.0,24.0,-96.0,-96.0,-79.0,25.0,-49,-86,5.0
1194891,2019-05-30 20:30:00,2019-05-30 20:45:00,2019-05-30 21:00:00,29,5,13,28,1,0.0,0.0,24.0,24.0,-96.0,-97.0,24.0,24.0,-96.0,-96.0,0.0,0.0,24.0,24.0,-96.0,-96.0,24.0,24.0,-96.0,-96.0,0.0,0.0,24.0,24.0,-96.0,-96.0,24.0,24.0,-96.0,-96.0,-79.0,25.0,-49,-86,5.0
1194891,2019-05-30 23:00:00,2019-05-30 23:15:00,2019-05-30 23:30:00,29,5,13,28,1,0.0,0.0,24.0,24.0,-94.0,-95.0,24.0,24.0,-95.0,-96.0,0.0,0.0,24.0,24.0,-94.0,-95.0,24.0,24.0,-95.0,-96.0,0.0,0.0,24.0,24.0,-94.0,-95.0,24.0,24.0,-95.0,-96.0,-79.0,25.0,-49,-86,5.0
1194891,2019-05-30 15:30:00,2019-05-30 15:45:00,2019-05-30 16:00:00,29,5,13,28,1,0.0,0.0,24.0,24.0,-95.0,-96.0,,,-97.0,-99.0,0.0,0.0,24.0,24.0,-95.0,-96.0,,,-97.0,-97.0,0.0,0.0,24.0,24.0,-96.0,-96.0,,,-97.0,-97.0,-79.0,25.0,-49,-86,5.0
1194891,2019-05-30 05:00:00,2019-05-30 05:15:00,2019-05-30 05:30:00,29,5,13,28,1,0.0,0.0,24.0,24.0,-95.0,-96.0,24.0,24.0,-96.0,-97.0,0.0,0.0,24.0,24.0,-95.0,-96.0,24.0,24.0,-96.0,-96.0,0.0,0.0,24.0,24.0,-95.0,-96.0,24.0,24.0,-96.0,-96.0,-79.0,25.0,-49,-86,5.0
1194891,2019-05-30 01:45:00,2019-05-30 02:00:00,2019-05-30 02:15:00,29,5,13,28,1,0.0,0.0,24.0,24.0,-96.0,-96.0,24.0,24.0,-96.0,-96.0,0.0,0.0,24.0,24.0,-96.0,-96.0,24.0,24.0,-96.0,-96.0,0.0,0.0,24.0,24.0,-96.0,-96.0,24.0,24.0,-96.0,-96.0,-79.0,25.0,-49,-86,5.0
1194891,2019-05-30 07:00:00,2019-05-30 07:15:00,2019-05-30 07:30:00,29,5,13,28,1,0.0,0.0,24.0,24.0,-96.0,-96.0,24.0,24.0,-96.0,-97.0,0.0,0.0,24.0,24.0,-96.0,-96.0,24.0,24.0,-96.0,-97.0,0.0,0.0,24.0,24.0,-95.0,-96.0,24.0,24.0,-96.0,-97.0,-79.0,25.0,-49,-86,5.0
1194891,2019-05-30 16:00:00,2019-05-30 16:15:00,2019-05-30 16:30:00,29,5,13,28,1,0.0,0.0,24.0,24.0,-96.0,-96.0,,,-97.0,-97.0,0.0,0.0,24.0,24.0,-96.0,-97.0,,,-97.0,-97.0,0.0,0.0,24.0,24.0,-96.0,-97.0,,,-97.0,-97.0,-79.0,25.0,-49,-86,5.0
1194891,2019-05-30 00:00:00,2019-05-30 00:15:00,2019-05-30 00:30:00,29,5,13,28,1,0.0,0.0,24.0,24.0,-95.0,-96.0,24.0,24.0,-96.0,-97.0,0.0,0.0,24.0,24.0,-95.0,-96.0,24.0,24.0,-96.0,-96.0,0.0,0.0,24.0,24.0,-95.0,-96.0,24.0,24.0,-96.0,-96.0,-79.0,25.0,-49,-86,5.0
1194891,2019-05-30 02:45:00,2019-05-30 03:00:00,2019-05-30 03:15:00,29,5,13,28,1,0.0,0.0,24.0,24.0,-96.0,-96.0,24.0,24.0,-96.0,-96.0,0.0,0.0,24.0,24.0,-96.0,-96.0,24.0,24.0,-96.0,-96.0,0.0,0.0,24.0,24.0,-96.0,-96.0,24.0,24.0,-96.0,-96.0,-79.0,25.0,-49,-86,5.0
1194891,2019-05-30 13:45:00,2019-05-30 14:00:00,2019-05-30 14:15:00,29,5,13,28,1,0.0,0.0,24.0,24.0,-94.0,-95.0,24.0,24.0,-96.0,-97.0,0.0,0.0,24.0,24.0,-94.0,-96.0,24.0,24.0,-96.0,-97.0,0.0,0.0,24.0,24.0,-94.0,-95.0,24.0,24.0,-96.0,-97.0,-79.0,25.0,-49,-86,5.0
1194891,2019-05-30 15:45:00,2019-05-30 16:00:00,2019-05-30 16:15:00,29,5,13,28,1,0.0,0.0,24.0,24.0,-95.0,-96.0,,,-97.0,-97.0,0.0,0.0,24.0,24.0,-96.0,-96.0,,,-97.0,-97.0,0.0,0.0,24.0,24.0,-96.0,-97.0,,,-97.0,-97.0,-79.0,25.0,-49,-86,5.0
1194891,2019-05-30 19:30:00,2019-05-30 19:45:00,2019-05-30 20:00:00,29,5,13,28,1,0.0,0.0,24.0,24.0,-95.0,-96.0,24.0,24.0,-96.0,-97.0,0.0,0.0,24.0,24.0,-95.0,-96.0,24.0,24.0,-96.0,-97.0,0.0,0.0,24.0,24.0,-95.0,-96.0,24.0,24.0,-96.0,-96.0,-79.0,25.0,-49,-86,5.0
1194891,2019-05-30 05:30:00,2019-05-30 05:45:00,2019-05-30 06:00:00,29,5,13,28,1,0.0,0.0,24.0,24.0,-95.0,-96.0,24.0,24.0,-96.0,-96.0,0.0,0.0,24.0,24.0,-95.0,-96.0,24.0,24.0,-96.0,-97.0,0.0,0.0,24.0,24.0,-95.0,-96.0,24.0,24.0,-96.0,-97.0,-79.0,25.0,-49,-86,5.0
1194891,2019-05-30 19:00:00,2019-05-30 19:15:00,2019-05-30 19:30:00,29,5,13,28,1,0.0,0.0,24.0,24.0,-95.0,-96.0,24.0,17.0,-96.0,-97.0,0.0,0.0,24.0,24.0,-95.0,-96.0,24.0,24.0,-96.0,-97.0,0.0,0.0,24.0,24.0,-95.0,-96.0,24.0,24.0,-96.0,-97.0,-79.0,25.0,-49,-86,5.0
1194891,2019-05-30 10:15:00,2019-05-30 10:30:00,2019-05-30 10:45:00,29,5,13,28,1,0.0,0.0,24.0,24.0,-95.0,-96.0,24.0,24.0,-96.0,-97.0,0.0,0.0,24.0,24.0,-94.0,-96.0,24.0,24.0,-96.0,-97.0,0.0,0.0,24.0,24.0,-94.0,-96.0,24.0,24.0,-96.0,-97.0,-79.0,25.0,-49,-86,5.0
1194891,2019-05-30 07:45:00,2019-05-30 08:00:00,2019-05-30 08:15:00,29,5,13,28,1,0.0,0.0,24.0,24.0,-95.0,-96.0,24.0,24.0,-96.0,-97.0,0.0,0.0,24.0,24.0,-94.0,-96.0,24.0,24.0,-96.0,-97.0,0.0,0.0,24.0,24.0,-95.0,-96.0,24.0,24.0,-96.0,-97.0,-79.0,25.0,-49,-86,5.0
1194891,2019-05-30 08:45:00,2019-05-30 09:00:00,2019-05-30 09:15:00,29,5,13,28,1,0.0,0.0,24.0,24.0,-94.0,-96.0,24.0,24.0,-96.0,-97.0,0.0,0.0,24.0,24.0,-95.0,-96.0,24.0,24.0,-96.0,-97.0,0.0,0.0,24.0,24.0,-95.0,-96.0,24.0,24.0,-96.0,-97.0,-79.0,25.0,-49,-86,5.0
1194891,2019-05-30 04:45:00,2019-05-30 05:00:00,2019-05-30 05:15:00,29,5,13,28,1,0.0,0.0,24.0,24.0,-95.0,-96.0,24.0,24.0,-96.0,-97.0,0.0,0.0,24.0,24.0,-95.0,-96.0,24.0,24.0,-96.0,-97.0,0.0,0.0,24.0,24.0,-95.0,-96.0,24.0,24.0,-96.0,-96.0,-79.0,25.0,-49,-86,5.0
1194891,2019-05-30 18:15:00,2019-05-30 18:30:00,2019-05-30 18:45:00,29,5,13,28,1,0.0,0.0,24.0,24.0,-95.0,-96.0,24.0,20.0,-96.0,-97.0,0.0,0.0,24.0,24.0,-95.0,-96.0,24.0,20.0,-96.0,-96.0,0.0,0.0,24.0,24.0,-95.0,-96.0,24.0,18.0,-96.0,-96.0,-79.0,25.0,-49,-86,5.0
1194891,2019-05-30 21:30:00,2019-05-30 21:45:00,2019-05-30 22:00:00,29,5,13,28,1,0.0,0.0,24.0,24.0,-96.0,-96.0,24.0,24.0,-96.0,-96.0,0.0,0.0,24.0,24.0,-95.0,-96.0,24.0,24.0,-95.0,-96.0,0.0,0.0,24.0,24.0,-95.0,-96.0,24.0,24.0,-95.0,-96.0,-79.0,25.0,-49,-86,5.0
1194891,2019-05-30 17:15:00,2019-05-30 17:30:00,2019-05-30 17:45:00,29,5,13,28,1,0.0,0.0,24.0,24.0,-96.0,-97.0,24.0,24.0,-96.0,-97.0,0.0,0.0,24.0,24.0,-95.0,-96.0,24.0,24.0,-96.0,-97.0,0.0,0.0,24.0,24.0,-95.0,-96.0,24.0,20.0,-96.0,-97.0,-79.0,25.0,-49,-86,5.0
1194891,2019-05-30 05:45:00,2019-05-30 06:00:00,2019-05-30 06:15:00,29,5,13,28,1,0.0,0.0,24.0,24.0,-95.0,-96.0,24.0,24.0,-96.0,-97.0,0.0,0.0,24.0,24.0,-95.0,-96.0,24.0,24.0,-96.0,-97.0,0.0,0.0,24.0,24.0,-95.0,-96.0,24.0,24.0,-96.0,-97.0,-79.0,25.0,-49,-86,5.0
1194891,2019-05-30 22:00:00,2019-05-30 22:15:00,2019-05-30 22:30:00,29,5,13,28,1,0.0,0.0,24.0,24.0,-95.0,-96.0,24.0,24.0,-95.0,-96.0,0.0,0.0,24.0,24.0,-95.0,-96.0,24.0,24.0,-95.0,-96.0,0.0,0.0,24.0,24.0,-95.0,-96.0,24.0,24.0,-96.0,-96.0,-79.0,25.0,-49,-86,5.0
1194891,2019-05-30 02:15:00,2019-05-30 02:30:00,2019-05-30 02:45:00,29,5,13,28,1,0.0,0.0,24.0,24.0,-96.0,-96.0,24.0,24.0,-96.0,-96.0,0.0,0.0,24.0,24.0,-96.0,-96.0,24.0,24.0,-96.0,-96.0,0.0,0.0,24.0,24.0,-96.0,-96.0,24.0,24.0,-96.0,-96.0,-79.0,25.0,-49,-86,5.0
1194891,2019-05-30 09:30:00,2019-05-30 09:45:00,2019-05-30 10:00:00,29,5,13,28,1,0.0,0.0,24.0,24.0,-95.0,-96.0,24.0,24.0,-96.0,-97.0,0.0,0.0,24.0,24.0,-95.0,-96.0,24.0,24.0,-96.0,-97.0,0.0,0.0,24.0,24.0,-95.0,-96.0,24.0,24.0,-96.0,-97.0,-79.0,25.0,-49,-86,5.0
1194891,2019-05-30 01:00:00,2019-05-30 01:15:00,2019-05-30 01:30:00,29,5,13,28,1,0.0,0.0,24.0,24.0,-95.0,-96.0,24.0,24.0,-96.0,-96.0,0.0,0.0,24.0,24.0,-95.0,-96.0,24.0,24.0,-96.0,-96.0,0.0,0.0,24.0,24.0,-95.0,-96.0,24.0,24.0,-96.0,-96.0,-79.0,25.0,-49,-86,5.0
1194891,2019-05-30 14:30:00,2019-05-30 14:45:00,2019-05-30 15:00:00,29,5,13,28,1,0.0,0.0,24.0,24.0,-94.0,-96.0,24.0,,-96.0,-96.0,0.0,0.0,24.0,24.0,-94.0,-96.0,24.0,,-96.0,-97.0,0.0,0.0,24.0,24.0,-94.0,-96.0,,,-97.0,-97.0,-79.0,25.0,-49,-86,5.0
1194891,2019-05-30 02:00:00,2019-05-30 02:15:00,2019-05-30 02:30:00,29,5,13,28,1,0.0,0.0,24.0,24.0,-96.0,-96.0,24.0,24.0,-96.0,-96.0,0.0,0.0,24.0,24.0,-96.0,-96.0,24.0,24.0,-96.0,-96.0,0.0,0.0,24.0,24.0,-96.0,-96.0,24.0,24.0,-96.0,-96.0,-79.0,25.0,-49,-86,5.0
1194891,2019-05-30 14:15:00,2019-05-30 14:30:00,2019-05-30 14:45:00,29,5,13,28,1,0.0,0.0,24.0,24.0,-94.0,-95.0,24.0,24.0,-96.0,-97.0,0.0,0.0,24.0,24.0,-94.0,-96.0,24.0,,-96.0,-96.0,0.0,0.0,24.0,24.0,-94.0,-96.0,24.0,,-96.0,-97.0,-79.0,25.0,-49,-86,5.0
1194891,2019-05-30 13:15:00,2019-05-30 13:30:00,2019-05-30 13:45:00,29,5,13,28,1,0.0,0.0,24.0,24.0,-94.0,-95.0,24.0,24.0,-96.0,-97.0,0.0,0.0,24.0,24.0,-94.0,-95.0,24.0,24.0,-96.0,-97.0,0.0,0.0,24.0,24.0,-94.0,-95.0,24.0,24.0,-96.0,-97.0,-79.0,25.0,-49,-86,5.0
1194891,2019-05-30 14:45:00,2019-05-30 15:00:00,2019-05-30 15:15:00,29,5,13,28,1,0.0,0.0,24.0,24.0,-94.0,-96.0,24.0,,-96.0,-97.0,0.0,0.0,24.0,24.0,-94.0,-96.0,,,-97.0,-97.0,0.0,0.0,24.0,24.0,-95.0,-96.0,,,-97.0,-97.0,-79.0,25.0,-49,-86,5.0
1194891,2019-05-30 06:00:00,2019-05-30 06:15:00,2019-05-30 06:30:00,29,5,13,28,1,0.0,0.0,24.0,24.0,-95.0,-96.0,24.0,24.0,-96.0,-97.0,0.0,0.0,24.0,24.0,-95.0,-96.0,24.0,24.0,-96.0,-97.0,0.0,0.0,24.0,24.0,-95.0,-96.0,24.0,24.0,-96.0,-97.0,-79.0,25.0,-49,-86,5.0
1194891,2019-05-30 03:15:00,2019-05-30 03:30:00,2019-05-30 03:45:00,29,5,13,28,1,0.0,0.0,24.0,24.0,-96.0,-96.0,24.0,24.0,-96.0,-96.0,0.0,0.0,24.0,24.0,-96.0,-96.0,24.0,24.0,-96.0,-96.0,0.0,0.0,24.0,24.0,-96.0,-96.0,24.0,24.0,-96.0,-97.0,-79.0,25.0,-49,-86,5.0
1194891,2019-05-30 21:15:00,2019-05-30 21:30:00,2019-05-30 21:45:00,29,5,13,28,1,0.0,0.0,24.0,24.0,-95.0,-96.0,24.0,24.0,-95.0,-96.0,0.0,0.0,24.0,24.0,-96.0,-96.0,24.0,24.0,-96.0,-96.0,0.0,0.0,24.0,24.0,-95.0,-96.0,24.0,24.0,-95.0,-96.0,-79.0,25.0,-49,-86,5.0
1194891,2019-05-30 19:15:00,2019-05-30 19:30:00,2019-05-30 19:45:00,29,5,13,28,1,0.0,0.0,24.0,24.0,-95.0,-96.0,24.0,24.0,-96.0,-97.0,0.0,0.0,24.0,24.0,-95.0,-96.0,24.0,24.0,-96.0,-97.0,0.0,0.0,24.0,24.0,-95.0,-96.0,24.0,24.0,-96.0,-97.0,-79.0,25.0,-49,-86,5.0
1194891,2019-05-30 12:15:00,2019-05-30 12:30:00,2019-05-30 12:45:00,29,5,13,28,1,0.0,0.0,24.0,24.0,-94.0,-96.0,24.0,24.0,-96.0,-97.0,0.0,0.0,24.0,24.0,-94.0,-95.0,24.0,24.0,-96.0,-97.0,0.0,0.0,24.0,24.0,-94.0,-95.0,24.0,24.0,-96.0,-97.0,-79.0,25.0,-49,-86,5.0
1194891,2019-05-30 18:45:00,2019-05-30 19:00:00,2019-05-30 19:15:00,29,5,13,28,1,0.0,0.0,24.0,24.0,-95.0,-96.0,24.0,18.0,-96.0,-96.0,0.0,0.0,24.0,24.0,-95.0,-96.0,24.0,17.0,-96.0,-97.0,0.0,0.0,24.0,24.0,-95.0,-96.0,24.0,24.0,-96.0,-97.0,-79.0,25.0,-49,-86,5.0
1194891,2019-05-30 06:15:00,2019-05-30 06:30:00,2019-05-30 06:45:00,29,5,13,28,1,0.0,0.0,24.0,24.0,-95.0,-96.0,24.0,24.0,-96.0,-97.0,0.0,0.0,24.0,24.0,-95.0,-96.0,24.0,24.0,-96.0,-97.0,0.0,0.0,24.0,24.0,-96.0,-96.0,24.0,24.0,-96.0,-97.0,-79.0,25.0,-49,-86,5.0
1194891,2019-05-30 09:00:00,2019-05-30 09:15:00,2019-05-30 09:30:00,29,5,13,28,1,0.0,0.0,24.0,24.0,-95.0,-96.0,24.0,24.0,-96.0,-97.0,0.0,0.0,24.0,24.0,-95.0,-96.0,24.0,24.0,-96.0,-97.0,0.0,0.0,24.0,24.0,-95.0,-96.0,24.0,24.0,-96.0,-97.0,-79.0,25.0,-49,-86,5.0
1194891,2019-05-30 10:45:00,2019-05-30 11:00:00,2019-05-30 11:15:00,29,5,13,28,1,0.0,0.0,24.0,24.0,-94.0,-96.0,24.0,24.0,-96.0,-97.0,0.0,0.0,24.0,24.0,-94.0,-96.0,24.0,24.0,-96.0,-97.0,0.0,0.0,24.0,24.0,-95.0,-96.0,24.0,24.0,-96.0,-97.0,-79.0,25.0,-49,-86,5.0
1194891,2019-05-30 13:00:00,2019-05-30 13:15:00,2019-05-30 13:30:00,29,5,13,28,1,0.0,0.0,24.0,24.0,-94.0,-95.0,24.0,24.0,-96.0,-97.0,0.0,0.0,24.0,24.0,-94.0,-95.0,24.0,24.0,-96.0,-97.0,0.0,0.0,24.0,24.0,-94.0,-95.0,24.0,24.0,-96.0,-97.0,-79.0,25.0,-49,-86,5.0
1194891,2019-05-30 07:15:00,2019-05-30 07:30:00,2019-05-30 07:45:00,29,5,13,28,1,0.0,0.0,24.0,24.0,-96.0,-96.0,24.0,24.0,-96.0,-97.0,0.0,0.0,24.0,24.0,-95.0,-96.0,24.0,24.0,-96.0,-97.0,0.0,0.0,24.0,24.0,-95.0,-96.0,24.0,24.0,-96.0,-97.0,-79.0,25.0,-49,-86,5.0
1208224,2019-05-27 08:30:00,2019-05-27 08:45:00,2019-05-27 09:00:00,29,5,23,28,1,0.0,0.0,17.0,17.0,-44.0,-44.0,16.0,16.0,-48.0,-56.0,0.0,0.0,17.0,17.0,-44.0,-44.0,16.0,16.0,-47.0,-67.0,7.0,2.0,17.0,17.0,-44.0,-44.0,16.0,16.0,-54.0,-86.0,-78.5,21.0,-47,-85,5.0
1264222,2019-05-27 03:30:00,2019-05-27 03:45:00,2019-05-27 04:00:00,29,5,7,28,1,0.0,0.0,23.0,23.0,-53.0,-53.0,23.0,23.0,-53.0,-53.0,0.0,0.0,23.0,23.0,-53.0,-53.0,23.0,23.0,-53.0,-53.0,0.0,0.0,23.0,23.0,-53.0,-53.0,23.0,23.0,-53.0,-53.0,-79.5,26.0,-47,-86,5.0
1264222,2019-05-27 07:15:00,2019-05-27 07:30:00,2019-05-27 07:45:00,29,5,7,28,1,0.0,0.0,23.0,23.0,-53.0,-53.0,23.0,23.0,-53.0,-53.0,0.0,0.0,23.0,23.0,-53.0,-53.0,23.0,23.0,-53.0,-53.0,0.0,0.0,23.0,23.0,-53.0,-53.0,23.0,23.0,-53.0,-53.0,-79.5,26.0,-47,-86,5.0
1264222,2019-05-27 00:45:00,2019-05-27 01:00:00,2019-05-27 01:15:00,29,5,7,28,1,0.0,0.0,23.0,23.0,-53.0,-53.0,23.0,23.0,-53.0,-53.0,0.0,0.0,23.0,23.0,-53.0,-53.0,23.0,23.0,-53.0,-53.0,0.0,0.0,23.0,23.0,-53.0,-53.0,23.0,23.0,-53.0,-53.0,-79.5,26.0,-47,-86,5.0
1264222,2019-05-27 09:00:00,2019-05-27 09:15:00,2019-05-27 09:30:00,29,5,7,28,1,0.0,0.0,23.0,23.0,-53.0,-53.0,23.0,23.0,-53.0,-53.0,0.0,0.0,23.0,23.0,-53.0,-53.0,23.0,23.0,-53.0,-53.0,0.0,0.0,23.0,23.0,-53.0,-53.0,23.0,23.0,-53.0,-53.0,-79.5,26.0,-47,-86,5.0
1264222,2019-05-27 05:00:00,2019-05-27 05:15:00,2019-05-27 05:30:00,29,5,7,28,1,0.0,0.0,23.0,23.0,-53.0,-53.0,23.0,23.0,-53.0,-53.0,0.0,0.0,23.0,23.0,-53.0,-53.0,23.0,23.0,-53.0,-53.0,0.0,0.0,23.0,23.0,-53.0,-53.0,23.0,23.0,-53.0,-53.0,-79.5,26.0,-47,-86,5.0
1264222,2019-05-27 09:30:00,2019-05-27 09:45:00,2019-05-27 10:00:00,29,5,7,28,1,0.0,0.0,23.0,23.0,-53.0,-53.0,23.0,23.0,-53.0,-53.0,0.0,0.0,23.0,23.0,-53.0,-53.0,23.0,23.0,-53.0,-53.0,0.0,0.0,23.0,23.0,-53.0,-53.0,23.0,23.0,-53.0,-53.0,-79.5,26.0,-47,-86,5.0
1264222,2019-05-27 05:15:00,2019-05-27 05:30:00,2019-05-27 05:45:00,29,5,7,28,1,0.0,0.0,23.0,23.0,-53.0,-53.0,23.0,23.0,-53.0,-53.0,0.0,0.0,23.0,23.0,-53.0,-53.0,23.0,23.0,-53.0,-53.0,0.0,0.0,23.0,23.0,-53.0,-53.0,23.0,23.0,-53.0,-53.0,-79.5,26.0,-47,-86,5.0
1264222,2019-05-27 16:30:00,2019-05-27 16:45:00,2019-05-27 17:00:00,29,5,7,28,1,0.0,0.0,23.0,23.0,-53.0,-53.0,23.0,23.0,-53.0,-53.0,0.0,0.0,23.0,23.0,-53.0,-53.0,23.0,23.0,-53.0,-53.0,0.0,0.0,23.0,23.0,-53.0,-53.0,23.0,23.0,-53.0,-53.0,-79.5,26.0,-47,-86,5.0
1264222,2019-05-27 08:00:00,2019-05-27 08:15:00,2019-05-27 08:30:00,29,5,7,28,1,0.0,0.0,23.0,23.0,-53.0,-53.0,23.0,23.0,-53.0,-53.0,0.0,0.0,23.0,23.0,-53.0,-53.0,23.0,23.0,-53.0,-53.0,0.0,0.0,23.0,23.0,-53.0,-53.0,23.0,23.0,-53.0,-53.0,-79.5,26.0,-47,-86,5.0
1264222,2019-05-27 07:45:00,2019-05-27 08:00:00,2019-05-27 08:15:00,29,5,7,28,1,0.0,0.0,23.0,23.0,-53.0,-53.0,23.0,23.0,-53.0,-53.0,0.0,0.0,23.0,23.0,-53.0,-53.0,23.0,23.0,-53.0,-53.0,0.0,0.0,23.0,23.0,-53.0,-53.0,23.0,23.0,-53.0,-53.0,-79.5,26.0,-47,-86,5.0
1264222,2019-05-27 00:30:00,2019-05-27 00:45:00,2019-05-27 01:00:00,29,5,7,28,1,0.0,0.0,23.0,23.0,-53.0,-53.0,23.0,23.0,-53.0,-53.0,0.0,0.0,23.0,23.0,-53.0,-53.0,23.0,23.0,-53.0,-53.0,0.0,0.0,23.0,23.0,-53.0,-53.0,23.0,23.0,-53.0,-53.0,-79.5,26.0,-47,-86,5.0
1264222,2019-05-27 13:45:00,2019-05-27 14:00:00,2019-05-27 14:15:00,29,5,7,28,1,0.0,0.0,23.0,23.0,-53.0,-53.0,23.0,23.0,-53.0,-53.0,0.0,0.0,23.0,23.0,-53.0,-53.0,23.0,23.0,-53.0,-53.0,0.0,0.0,23.0,23.0,-53.0,-53.0,23.0,23.0,-53.0,-53.0,-79.5,26.0,-47,-86,5.0
1264222,2019-05-27 21:30:00,2019-05-27 21:45:00,2019-05-27 22:00:00,29,5,7,28,1,0.0,0.0,23.0,23.0,-53.0,-53.0,23.0,23.0,-53.0,-53.0,0.0,0.0,23.0,23.0,-53.0,-53.0,23.0,23.0,-53.0,-53.0,0.0,0.0,23.0,23.0,-53.0,-53.0,23.0,23.0,-53.0,-53.0,-79.5,26.0,-47,-86,5.0
1264222,2019-05-27 04:15:00,2019-05-27 04:30:00,2019-05-27 04:45:00,29,5,7,28,1,0.0,0.0,23.0,23.0,-53.0,-53.0,23.0,23.0,-53.0,-53.0,0.0,0.0,23.0,23.0,-53.0,-53.0,23.0,23.0,-53.0,-53.0,0.0,0.0,23.0,23.0,-53.0,-53.0,23.0,23.0,-53.0,-53.0,-79.5,26.0,-47,-86,5.0
1264222,2019-05-27 04:30:00,2019-05-27 04:45:00,2019-05-27 05:00:00,29,5,7,28,1,0.0,0.0,23.0,23.0,-53.0,-53.0,23.0,23.0,-53.0,-53.0,0.0,0.0,23.0,23.0,-53.0,-53.0,23.0,23.0,-53.0,-53.0,0.0,0.0,23.0,23.0,-53.0,-53.0,23.0,23.0,-53.0,-53.0,-79.5,26.0,-47,-86,5.0
1264222,2019-05-27 10:30:00,2019-05-27 10:45:00,2019-05-27 11:00:00,29,5,7,28,1,0.0,0.0,23.0,23.0,-53.0,-53.0,23.0,23.0,-53.0,-53.0,0.0,0.0,23.0,23.0,-53.0,-53.0,23.0,23.0,-53.0,-53.0,0.0,0.0,23.0,23.0,-53.0,-53.0,23.0,23.0,-53.0,-53.0,-79.5,26.0,-47,-86,5.0
1264222,2019-05-27 17:45:00,2019-05-27 18:00:00,2019-05-27 18:15:00,29,5,7,28,1,0.0,0.0,23.0,23.0,-53.0,-53.0,23.0,23.0,-53.0,-53.0,0.0,0.0,23.0,23.0,-53.0,-53.0,23.0,23.0,-53.0,-53.0,0.0,0.0,23.0,23.0,-53.0,-53.0,23.0,23.0,-53.0,-53.0,-79.5,26.0,-47,-86,5.0
1264222,2019-05-27 11:00:00,2019-05-27 11:15:00,2019-05-27 11:30:00,29,5,7,28,1,0.0,0.0,23.0,23.0,-53.0,-53.0,23.0,23.0,-53.0,-53.0,0.0,0.0,23.0,23.0,-53.0,-53.0,23.0,23.0,-53.0,-53.0,0.0,0.0,23.0,23.0,-53.0,-53.0,23.0,23.0,-53.0,-53.0,-79.5,26.0,-47,-86,5.0
1264222,2019-05-27 19:45:00,2019-05-27 20:00:00,2019-05-27 20:15:00,29,5,7,28,1,0.0,0.0,23.0,23.0,-53.0,-53.0,23.0,23.0,-53.0,-53.0,0.0,0.0,23.0,23.0,-53.0,-53.0,23.0,23.0,-53.0,-53.0,0.0,0.0,23.0,23.0,-53.0,-53.0,23.0,23.0,-53.0,-53.0,-79.5,26.0,-47,-86,5.0
1264222,2019-05-27 07:30:00,2019-05-27 07:45:00,2019-05-27 08:00:00,29,5,7,28,1,0.0,0.0,23.0,23.0,-53.0,-53.0,23.0,23.0,-53.0,-53.0,0.0,0.0,23.0,23.0,-53.0,-53.0,23.0,23.0,-53.0,-53.0,0.0,0.0,23.0,23.0,-53.0,-53.0,23.0,23.0,-53.0,-53.0,-79.5,26.0,-47,-86,5.0
1264222,2019-05-27 12:15:00,2019-05-27 12:30:00,2019-05-27 12:45:00,29,5,7,28,1,0.0,0.0,23.0,23.0,-53.0,-53.0,23.0,23.0,-53.0,-53.0,0.0,0.0,23.0,23.0,-53.0,-53.0,23.0,23.0,-53.0,-53.0,0.0,0.0,23.0,23.0,-53.0,-53.0,23.0,23.0,-53.0,-53.0,-79.5,26.0,-47,-86,5.0
1264222,2019-05-27 22:45:00,2019-05-27 23:00:00,2019-05-27 23:15:00,29,5,7,28,1,0.0,0.0,23.0,23.0,-53.0,-53.0,23.0,23.0,-53.0,-53.0,0.0,0.0,23.0,23.0,-53.0,-53.0,23.0,23.0,-53.0,-53.0,0.0,0.0,23.0,23.0,-53.0,-53.0,23.0,23.0,-53.0,-53.0,-79.5,26.0,-47,-86,5.0
1264222,2019-05-27 10:00:00,2019-05-27 10:15:00,2019-05-27 10:30:00,29,5,7,28,1,0.0,0.0,23.0,23.0,-53.0,-53.0,23.0,23.0,-53.0,-53.0,0.0,0.0,23.0,23.0,-53.0,-53.0,23.0,23.0,-53.0,-53.0,0.0,0.0,23.0,23.0,-53.0,-53.0,23.0,23.0,-53.0,-53.0,-79.5,26.0,-47,-86,5.0
1264222,2019-05-27 04:45:00,2019-05-27 05:00:00,2019-05-27 05:15:00,29,5,7,28,1,0.0,0.0,23.0,23.0,-53.0,-53.0,23.0,23.0,-53.0,-53.0,0.0,0.0,23.0,23.0,-53.0,-53.0,23.0,23.0,-53.0,-53.0,0.0,0.0,23.0,23.0,-53.0,-53.0,23.0,23.0,-53.0,-53.0,-79.5,26.0,-47,-86,5.0
1264222,2019-05-27 12:00:00,2019-05-27 12:15:00,2019-05-27 12:30:00,29,5,7,28,1,0.0,0.0,23.0,23.0,-53.0,-53.0,23.0,23.0,-53.0,-53.0,0.0,0.0,23.0,23.0,-53.0,-53.0,23.0,23.0,-53.0,-53.0,0.0,0.0,23.0,23.0,-53.0,-53.0,23.0,23.0,-53.0,-53.0,-79.5,26.0,-47,-86,5.0
1264222,2019-05-27 11:15:00,2019-05-27 11:30:00,2019-05-27 11:45:00,29,5,7,28,1,0.0,0.0,23.0,23.0,-53.0,-53.0,23.0,23.0,-53.0,-53.0,0.0,0.0,23.0,23.0,-53.0,-53.0,23.0,23.0,-53.0,-53.0,0.0,0.0,23.0,23.0,-53.0,-53.0,23.0,23.0,-53.0,-53.0,-79.5,26.0,-47,-86,5.0
1264222,2019-05-27 15:45:00,2019-05-27 16:00:00,2019-05-27 16:15:00,29,5,7,28,1,0.0,0.0,23.0,23.0,-53.0,-53.0,23.0,23.0,-53.0,-53.0,0.0,0.0,23.0,23.0,-53.0,-53.0,23.0,23.0,-53.0,-53.0,0.0,0.0,23.0,23.0,-53.0,-53.0,23.0,23.0,-53.0,-53.0,-79.5,26.0,-47,-86,5.0
1264222,2019-05-27 14:15:00,2019-05-27 14:30:00,2019-05-27 14:45:00,29,5,7,28,1,0.0,0.0,23.0,23.0,-53.0,-53.0,23.0,23.0,-53.0,-53.0,0.0,0.0,23.0,23.0,-53.0,-53.0,23.0,23.0,-53.0,-53.0,0.0,0.0,23.0,23.0,-53.0,-53.0,23.0,23.0,-53.0,-53.0,-79.5,26.0,-47,-86,5.0
1264222,2019-05-26 23:30:00,2019-05-26 23:45:00,2019-05-27 00:00:00,29,5,7,28,1,0.0,0.0,23.0,23.0,-53.0,-53.0,23.0,23.0,-53.0,-53.0,0.0,0.0,23.0,23.0,-53.0,-53.0,23.0,23.0,-53.0,-53.0,0.0,0.0,23.0,23.0,-53.0,-53.0,23.0,23.0,-53.0,-53.0,-79.5,26.0,-47,-86,5.0
1264222,2019-05-27 18:45:00,2019-05-27 19:00:00,2019-05-27 19:15:00,29,5,7,28,1,0.0,0.0,23.0,23.0,-53.0,-53.0,23.0,23.0,-53.0,-53.0,0.0,0.0,23.0,23.0,-53.0,-53.0,23.0,23.0,-53.0,-53.0,0.0,0.0,23.0,23.0,-53.0,-53.0,23.0,23.0,-53.0,-53.0,-79.5,26.0,-47,-86,5.0
1264222,2019-05-27 16:45:00,2019-05-27 17:00:00,2019-05-27 17:15:00,29,5,7,28,1,0.0,0.0,23.0,23.0,-53.0,-53.0,23.0,23.0,-53.0,-53.0,0.0,0.0,23.0,23.0,-53.0,-53.0,23.0,23.0,-53.0,-53.0,0.0,0.0,23.0,23.0,-53.0,-53.0,23.0,23.0,-53.0,-53.0,-79.5,26.0,-47,-86,5.0
1264222,2019-05-27 23:00:00,2019-05-27 23:15:00,2019-05-27 23:30:00,29,5,7,28,1,0.0,0.0,23.0,23.0,-53.0,-53.0,23.0,23.0,-53.0,-53.0,0.0,0.0,23.0,23.0,-53.0,-53.0,23.0,23.0,-53.0,-53.0,0.0,0.0,23.0,23.0,-53.0,-53.0,23.0,23.0,-53.0,-53.0,-79.5,26.0,-47,-86,5.0
1264222,2019-05-27 22:30:00,2019-05-27 22:45:00,2019-05-27 23:00:00,29,5,7,28,1,0.0,0.0,23.0,23.0,-53.0,-53.0,23.0,23.0,-53.0,-53.0,0.0,0.0,23.0,23.0,-53.0,-53.0,23.0,23.0,-53.0,-53.0,0.0,0.0,23.0,23.0,-53.0,-53.0,23.0,23.0,-53.0,-53.0,-79.5,26.0,-47,-86,5.0
1264222,2019-05-27 11:45:00,2019-05-27 12:00:00,2019-05-27 12:15:00,29,5,7,28,1,0.0,0.0,23.0,23.0,-53.0,-53.0,23.0,23.0,-53.0,-53.0,0.0,0.0,23.0,23.0,-53.0,-53.0,23.0,23.0,-53.0,-53.0,0.0,0.0,23.0,23.0,-53.0,-53.0,23.0,23.0,-53.0,-53.0,-79.5,26.0,-47,-86,5.0
1264222,2019-05-27 14:45:00,2019-05-27 15:00:00,2019-05-27 15:15:00,29,5,7,28,1,0.0,0.0,23.0,23.0,-53.0,-53.0,23.0,23.0,-53.0,-53.0,0.0,0.0,23.0,23.0,-53.0,-53.0,23.0,23.0,-53.0,-53.0,0.0,0.0,23.0,23.0,-53.0,-53.0,23.0,23.0,-53.0,-53.0,-79.5,26.0,-47,-86,5.0
1264222,2019-05-27 11:30:00,2019-05-27 11:45:00,2019-05-27 12:00:00,29,5,7,28,1,0.0,0.0,23.0,23.0,-53.0,-53.0,23.0,23.0,-53.0,-53.0,0.0,0.0,23.0,23.0,-53.0,-53.0,23.0,23.0,-53.0,-53.0,0.0,0.0,23.0,23.0,-53.0,-53.0,23.0,23.0,-53.0,-53.0,-79.5,26.0,-47,-86,5.0
1264222,2019-05-27 22:15:00,2019-05-27 22:30:00,2019-05-27 22:45:00,29,5,7,28,1,0.0,0.0,23.0,23.0,-53.0,-53.0,23.0,23.0,-53.0,-53.0,0.0,0.0,23.0,23.0,-53.0,-53.0,23.0,23.0,-53.0,-53.0,0.0,0.0,23.0,23.0,-53.0,-53.0,23.0,23.0,-53.0,-53.0,-79.5,26.0,-47,-86,5.0
1264222,2019-05-27 12:45:00,2019-05-27 13:00:00,2019-05-27 13:15:00,29,5,7,28,1,0.0,0.0,23.0,23.0,-53.0,-53.0,23.0,23.0,-53.0,-53.0,0.0,0.0,23.0,23.0,-53.0,-53.0,23.0,23.0,-53.0,-53.0,0.0,0.0,23.0,23.0,-53.0,-53.0,23.0,23.0,-53.0,-53.0,-79.5,26.0,-47,-86,5.0
1264222,2019-05-27 03:15:00,2019-05-27 03:30:00,2019-05-27 03:45:00,29,5,7,28,1,0.0,0.0,23.0,23.0,-53.0,-53.0,23.0,23.0,-53.0,-53.0,0.0,0.0,23.0,23.0,-53.0,-53.0,23.0,23.0,-53.0,-53.0,0.0,0.0,23.0,23.0,-53.0,-53.0,23.0,23.0,-53.0,-53.0,-79.5,26.0,-47,-86,5.0
1264222,2019-05-27 18:15:00,2019-05-27 18:30:00,2019-05-27 18:45:00,29,5,7,28,1,0.0,0.0,23.0,23.0,-53.0,-53.0,23.0,23.0,-53.0,-53.0,0.0,0.0,23.0,23.0,-53.0,-53.0,23.0,23.0,-53.0,-53.0,0.0,0.0,23.0,23.0,-53.0,-53.0,23.0,23.0,-53.0,-53.0,-79.5,26.0,-47,-86,5.0
1264222,2019-05-27 17:15:00,2019-05-27 17:30:00,2019-05-27 17:45:00,29,5,7,28,1,0.0,0.0,23.0,23.0,-53.0,-53.0,23.0,23.0,-53.0,-53.0,0.0,0.0,23.0,23.0,-53.0,-53.0,23.0,23.0,-53.0,-53.0,0.0,0.0,23.0,23.0,-53.0,-53.0,23.0,23.0,-53.0,-53.0,-79.5,26.0,-47,-86,5.0
1264222,2019-05-27 02:30:00,2019-05-27 02:45:00,2019-05-27 03:00:00,29,5,7,28,1,0.0,0.0,23.0,23.0,-53.0,-53.0,23.0,23.0,-53.0,-53.0,0.0,0.0,23.0,23.0,-53.0,-53.0,23.0,23.0,-53.0,-53.0,0.0,0.0,23.0,23.0,-53.0,-53.0,23.0,23.0,-53.0,-53.0,-79.5,26.0,-47,-86,5.0
1264222,2019-05-27 07:00:00,2019-05-27 07:15:00,2019-05-27 07:30:00,29,5,7,28,1,0.0,0.0,23.0,23.0,-53.0,-53.0,23.0,23.0,-53.0,-53.0,0.0,0.0,23.0,23.0,-53.0,-53.0,23.0,23.0,-53.0,-53.0,0.0,0.0,23.0,23.0,-53.0,-53.0,23.0,23.0,-53.0,-53.0,-79.5,26.0,-47,-86,5.0
1264222,2019-05-27 08:15:00,2019-05-27 08:30:00,2019-05-27 08:45:00,29,5,7,28,1,0.0,0.0,23.0,23.0,-53.0,-53.0,23.0,23.0,-53.0,-53.0,0.0,0.0,23.0,23.0,-53.0,-53.0,23.0,23.0,-53.0,-53.0,0.0,0.0,23.0,23.0,-53.0,-53.0,23.0,23.0,-53.0,-53.0,-79.5,26.0,-47,-86,5.0
1264222,2019-05-26 23:45:00,2019-05-27 00:00:00,2019-05-27 00:15:00,29,5,7,28,1,0.0,0.0,23.0,23.0,-53.0,-53.0,23.0,23.0,-53.0,-53.0,0.0,0.0,23.0,23.0,-53.0,-53.0,23.0,23.0,-53.0,-53.0,0.0,0.0,23.0,23.0,-53.0,-53.0,23.0,23.0,-53.0,-53.0,-79.5,26.0,-47,-86,5.0
1264222,2019-05-27 18:30:00,2019-05-27 18:45:00,2019-05-27 19:00:00,29,5,7,28,1,0.0,0.0,23.0,23.0,-53.0,-53.0,23.0,23.0,-53.0,-53.0,0.0,0.0,23.0,23.0,-53.0,-53.0,23.0,23.0,-53.0,-53.0,0.0,0.0,23.0,23.0,-53.0,-53.0,23.0,23.0,-53.0,-53.0,-79.5,26.0,-47,-86,5.0
1264222,2019-05-27 04:00:00,2019-05-27 04:15:00,2019-05-27 04:30:00,29,5,7,28,1,0.0,0.0,23.0,23.0,-53.0,-53.0,23.0,23.0,-53.0,-53.0,0.0,0.0,23.0,23.0,-53.0,-53.0,23.0,23.0,-53.0,-53.0,0.0,0.0,23.0,23.0,-53.0,-53.0,23.0,23.0,-53.0,-53.0,-79.5,26.0,-47,-86,5.0
1264222,2019-05-27 01:30:00,2019-05-27 01:45:00,2019-05-27 02:00:00,29,5,7,28,1,0.0,0.0,23.0,23.0,-53.0,-53.0,23.0,23.0,-53.0,-53.0,0.0,0.0,23.0,23.0,-53.0,-53.0,23.0,23.0,-53.0,-53.0,0.0,0.0,23.0,23.0,-53.0,-53.0,23.0,23.0,-53.0,-53.0,-79.5,26.0,-47,-86,5.0
1264222,2019-05-27 13:00:00,2019-05-27 13:15:00,2019-05-27 13:30:00,29,5,7,28,1,0.0,0.0,23.0,23.0,-53.0,-53.0,23.0,23.0,-53.0,-53.0,0.0,0.0,23.0,23.0,-53.0,-53.0,23.0,23.0,-53.0,-53.0,0.0,0.0,23.0,23.0,-53.0,-53.0,23.0,23.0,-53.0,-53.0,-79.5,26.0,-47,-86,5.0
1264222,2019-05-27 21:45:00,2019-05-27 22:00:00,2019-05-27 22:15:00,29,5,7,28,1,0.0,0.0,23.0,23.0,-53.0,-53.0,23.0,23.0,-53.0,-53.0,0.0,0.0,23.0,23.0,-53.0,-53.0,23.0,23.0,-53.0,-53.0,0.0,0.0,23.0,23.0,-53.0,-53.0,23.0,23.0,-53.0,-53.0,-79.5,26.0,-47,-86,5.0
1264222,2019-05-27 05:45:00,2019-05-27 06:00:00,2019-05-27 06:15:00,29,5,7,28,1,0.0,0.0,23.0,23.0,-53.0,-53.0,23.0,23.0,-53.0,-53.0,0.0,0.0,23.0,23.0,-53.0,-53.0,23.0,23.0,-53.0,-53.0,0.0,0.0,23.0,23.0,-53.0,-53.0,23.0,23.0,-53.0,-53.0,-79.5,26.0,-47,-86,5.0
1264222,2019-05-27 16:00:00,2019-05-27 16:15:00,2019-05-27 16:30:00,29,5,7,28,1,0.0,0.0,23.0,23.0,-53.0,-53.0,23.0,23.0,-53.0,-53.0,0.0,0.0,23.0,23.0,-53.0,-53.0,23.0,23.0,-53.0,-53.0,0.0,0.0,23.0,23.0,-53.0,-53.0,23.0,23.0,-53.0,-53.0,-79.5,26.0,-47,-86,5.0
1264222,2019-05-27 18:00:00,2019-05-27 18:15:00,2019-05-27 18:30:00,29,5,7,28,1,0.0,0.0,23.0,23.0,-53.0,-53.0,23.0,23.0,-53.0,-53.0,0.0,0.0,23.0,23.0,-53.0,-53.0,23.0,23.0,-53.0,-53.0,0.0,0.0,23.0,23.0,-53.0,-53.0,23.0,23.0,-53.0,-53.0,-79.5,26.0,-47,-86,5.0
1264222,2019-05-27 22:00:00,2019-05-27 22:15:00,2019-05-27 22:30:00,29,5,7,28,1,0.0,0.0,23.0,23.0,-53.0,-53.0,23.0,23.0,-53.0,-53.0,0.0,0.0,23.0,23.0,-53.0,-53.0,23.0,23.0,-53.0,-53.0,0.0,0.0,23.0,23.0,-53.0,-53.0,23.0,23.0,-53.0,-53.0,-79.5,26.0,-47,-86,5.0
1264222,2019-05-27 20:00:00,2019-05-27 20:15:00,2019-05-27 20:30:00,29,5,7,28,1,0.0,0.0,23.0,23.0,-53.0,-53.0,23.0,23.0,-53.0,-53.0,0.0,0.0,23.0,23.0,-53.0,-53.0,23.0,23.0,-53.0,-53.0,0.0,0.0,23.0,23.0,-53.0,-53.0,23.0,23.0,-53.0,-53.0,-79.5,26.0,-47,-86,5.0
1264222,2019-05-27 01:45:00,2019-05-27 02:00:00,2019-05-27 02:15:00,29,5,7,28,1,0.0,0.0,23.0,23.0,-53.0,-53.0,23.0,23.0,-53.0,-53.0,0.0,0.0,23.0,23.0,-53.0,-53.0,23.0,23.0,-53.0,-53.0,0.0,0.0,23.0,23.0,-53.0,-53.0,23.0,23.0,-53.0,-53.0,-79.5,26.0,-47,-86,5.0
1264222,2019-05-27 19:15:00,2019-05-27 19:30:00,2019-05-27 19:45:00,29,5,7,28,1,0.0,0.0,23.0,23.0,-53.0,-53.0,23.0,23.0,-53.0,-53.0,0.0,0.0,23.0,23.0,-53.0,-53.0,23.0,23.0,-53.0,-53.0,0.0,0.0,23.0,23.0,-53.0,-53.0,23.0,23.0,-53.0,-53.0,-79.5,26.0,-47,-86,5.0
1264222,2019-05-27 15:30:00,2019-05-27 15:45:00,2019-05-27 16:00:00,29,5,7,28,1,0.0,0.0,23.0,23.0,-53.0,-53.0,23.0,23.0,-53.0,-53.0,0.0,0.0,23.0,23.0,-53.0,-53.0,23.0,23.0,-53.0,-53.0,0.0,0.0,23.0,23.0,-53.0,-53.0,23.0,23.0,-53.0,-53.0,-79.5,26.0,-47,-86,5.0
1264222,2019-05-27 03:45:00,2019-05-27 04:00:00,2019-05-27 04:15:00,29,5,7,28,1,0.0,0.0,23.0,23.0,-53.0,-53.0,23.0,23.0,-53.0,-53.0,0.0,0.0,23.0,23.0,-53.0,-53.0,23.0,23.0,-53.0,-53.0,0.0,0.0,23.0,23.0,-53.0,-53.0,23.0,23.0,-53.0,-53.0,-79.5,26.0,-47,-86,5.0
1264222,2019-05-27 05:30:00,2019-05-27 05:45:00,2019-05-27 06:00:00,29,5,7,28,1,0.0,0.0,23.0,23.0,-53.0,-53.0,23.0,23.0,-53.0,-53.0,0.0,0.0,23.0,23.0,-53.0,-53.0,23.0,23.0,-53.0,-53.0,0.0,0.0,23.0,23.0,-53.0,-53.0,23.0,23.0,-53.0,-53.0,-79.5,26.0,-47,-86,5.0
1264222,2019-05-27 02:15:00,2019-05-27 02:30:00,2019-05-27 02:45:00,29,5,7,28,1,0.0,0.0,23.0,23.0,-53.0,-53.0,23.0,23.0,-53.0,-53.0,0.0,0.0,23.0,23.0,-53.0,-53.0,23.0,23.0,-53.0,-53.0,0.0,0.0,23.0,23.0,-53.0,-53.0,23.0,23.0,-53.0,-53.0,-79.5,26.0,-47,-86,5.0
1264222,2019-05-27 09:15:00,2019-05-27 09:30:00,2019-05-27 09:45:00,29,5,7,28,1,0.0,0.0,23.0,23.0,-53.0,-53.0,23.0,23.0,-53.0,-53.0,0.0,0.0,23.0,23.0,-53.0,-53.0,23.0,23.0,-53.0,-53.0,0.0,0.0,23.0,23.0,-53.0,-53.0,23.0,23.0,-53.0,-53.0,-79.5,26.0,-47,-86,5.0
1264222,2019-05-27 06:15:00,2019-05-27 06:30:00,2019-05-27 06:45:00,29,5,7,28,1,0.0,0.0,23.0,23.0,-53.0,-53.0,23.0,23.0,-53.0,-53.0,0.0,0.0,23.0,23.0,-53.0,-53.0,23.0,23.0,-53.0,-53.0,0.0,0.0,23.0,23.0,-53.0,-53.0,23.0,23.0,-53.0,-53.0,-79.5,26.0,-47,-86,5.0
1264222,2019-05-27 13:15:00,2019-05-27 13:30:00,2019-05-27 13:45:00,29,5,7,28,1,0.0,0.0,23.0,23.0,-53.0,-53.0,23.0,23.0,-53.0,-53.0,0.0,0.0,23.0,23.0,-53.0,-53.0,23.0,23.0,-53.0,-53.0,0.0,0.0,23.0,23.0,-53.0,-53.0,23.0,23.0,-53.0,-53.0,-79.5,26.0,-47,-86,5.0
1264222,2019-05-27 21:00:00,2019-05-27 21:15:00,2019-05-27 21:30:00,29,5,7,28,1,0.0,0.0,23.0,23.0,-53.0,-53.0,23.0,23.0,-53.0,-53.0,0.0,0.0,23.0,23.0,-53.0,-53.0,23.0,23.0,-53.0,-53.0,0.0,0.0,23.0,23.0,-53.0,-53.0,23.0,23.0,-53.0,-53.0,-79.5,26.0,-47,-86,5.0
1264222,2019-05-27 08:30:00,2019-05-27 08:45:00,2019-05-27 09:00:00,29,5,7,28,1,0.0,0.0,23.0,23.0,-53.0,-53.0,23.0,23.0,-53.0,-53.0,0.0,0.0,23.0,23.0,-53.0,-53.0,23.0,23.0,-53.0,-53.0,0.0,0.0,23.0,23.0,-53.0,-53.0,23.0,23.0,-53.0,-53.0,-79.5,26.0,-47,-86,5.0
1264222,2019-05-27 14:30:00,2019-05-27 14:45:00,2019-05-27 15:00:00,29,5,7,28,1,0.0,0.0,23.0,23.0,-53.0,-53.0,23.0,23.0,-53.0,-53.0,0.0,0.0,23.0,23.0,-53.0,-53.0,23.0,23.0,-53.0,-53.0,0.0,0.0,23.0,23.0,-53.0,-53.0,23.0,23.0,-53.0,-53.0,-79.5,26.0,-47,-86,5.0
1264222,2019-05-27 16:15:00,2019-05-27 16:30:00,2019-05-27 16:45:00,29,5,7,28,1,0.0,0.0,23.0,23.0,-53.0,-53.0,23.0,23.0,-53.0,-53.0,0.0,0.0,23.0,23.0,-53.0,-53.0,23.0,23.0,-53.0,-53.0,0.0,0.0,23.0,23.0,-53.0,-53.0,23.0,23.0,-53.0,-53.0,-79.5,26.0,-47,-86,5.0
1264222,2019-05-27 00:15:00,2019-05-27 00:30:00,2019-05-27 00:45:00,29,5,7,28,1,0.0,0.0,23.0,23.0,-53.0,-53.0,23.0,23.0,-53.0,-53.0,0.0,0.0,23.0,23.0,-53.0,-53.0,23.0,23.0,-53.0,-53.0,0.0,0.0,23.0,23.0,-53.0,-53.0,23.0,23.0,-53.0,-53.0,-79.5,26.0,-47,-86,5.0
1264222,2019-05-27 20:15:00,2019-05-27 20:30:00,2019-05-27 20:45:00,29,5,7,28,1,0.0,0.0,23.0,23.0,-53.0,-53.0,23.0,23.0,-53.0,-53.0,0.0,0.0,23.0,23.0,-53.0,-53.0,23.0,23.0,-53.0,-53.0,0.0,0.0,23.0,23.0,-53.0,-53.0,23.0,23.0,-53.0,-53.0,-79.5,26.0,-47,-86,5.0
1264222,2019-05-27 09:45:00,2019-05-27 10:00:00,2019-05-27 10:15:00,29,5,7,28,1,0.0,0.0,23.0,23.0,-53.0,-53.0,23.0,23.0,-53.0,-53.0,0.0,0.0,23.0,23.0,-53.0,-53.0,23.0,23.0,-53.0,-53.0,0.0,0.0,23.0,23.0,-53.0,-53.0,23.0,23.0,-53.0,-53.0,-79.5,26.0,-47,-86,5.0
1264222,2019-05-27 02:00:00,2019-05-27 02:15:00,2019-05-27 02:30:00,29,5,7,28,1,0.0,0.0,23.0,23.0,-53.0,-53.0,23.0,23.0,-53.0,-53.0,0.0,0.0,23.0,23.0,-53.0,-53.0,23.0,23.0,-53.0,-53.0,0.0,0.0,23.0,23.0,-53.0,-53.0,23.0,23.0,-53.0,-53.0,-79.5,26.0,-47,-86,5.0
1264222,2019-05-27 01:00:00,2019-05-27 01:15:00,2019-05-27 01:30:00,29,5,7,28,1,0.0,0.0,23.0,23.0,-53.0,-53.0,23.0,23.0,-53.0,-53.0,0.0,0.0,23.0,23.0,-53.0,-53.0,23.0,23.0,-53.0,-53.0,0.0,0.0,23.0,23.0,-53.0,-53.0,23.0,23.0,-53.0,-53.0,-79.5,26.0,-47,-86,5.0
1264222,2019-05-27 20:30:00,2019-05-27 20:45:00,2019-05-27 21:00:00,29,5,7,28,1,0.0,0.0,23.0,23.0,-53.0,-53.0,23.0,23.0,-53.0,-53.0,0.0,0.0,23.0,23.0,-53.0,-53.0,23.0,23.0,-53.0,-53.0,0.0,0.0,23.0,23.0,-53.0,-53.0,23.0,23.0,-53.0,-53.0,-79.5,26.0,-47,-86,5.0
1264222,2019-05-27 21:15:00,2019-05-27 21:30:00,2019-05-27 21:45:00,29,5,7,28,1,0.0,0.0,23.0,23.0,-53.0,-53.0,23.0,23.0,-53.0,-53.0,0.0,0.0,23.0,23.0,-53.0,-53.0,23.0,23.0,-53.0,-53.0,0.0,0.0,23.0,23.0,-53.0,-53.0,23.0,23.0,-53.0,-53.0,-79.5,26.0,-47,-86,5.0
1264222,2019-05-27 02:45:00,2019-05-27 03:00:00,2019-05-27 03:15:00,29,5,7,28,1,0.0,0.0,23.0,23.0,-53.0,-53.0,23.0,23.0,-53.0,-53.0,0.0,0.0,23.0,23.0,-53.0,-53.0,23.0,23.0,-53.0,-53.0,0.0,0.0,23.0,23.0,-53.0,-53.0,23.0,23.0,-53.0,-53.0,-79.5,26.0,-47,-86,5.0
1264222,2019-05-27 03:00:00,2019-05-27 03:15:00,2019-05-27 03:30:00,29,5,7,28,1,0.0,0.0,23.0,23.0,-53.0,-53.0,23.0,23.0,-53.0,-53.0,0.0,0.0,23.0,23.0,-53.0,-53.0,23.0,23.0,-53.0,-53.0,0.0,0.0,23.0,23.0,-53.0,-53.0,23.0,23.0,-53.0,-53.0,-79.5,26.0,-47,-86,5.0
1264222,2019-05-27 10:15:00,2019-05-27 10:30:00,2019-05-27 10:45:00,29,5,7,28,1,0.0,0.0,23.0,23.0,-53.0,-53.0,23.0,23.0,-53.0,-53.0,0.0,0.0,23.0,23.0,-53.0,-53.0,23.0,23.0,-53.0,-53.0,0.0,0.0,23.0,23.0,-53.0,-53.0,23.0,23.0,-53.0,-53.0,-79.5,26.0,-47,-86,5.0