,idlink,dataN-2,dataN-1,dataN,eqtype,acmLowerMode,freqband,bandwidth,acmEngine,esN-2,sesN-2,txMaxAN-2,txminAN-2,rxmaxAN-2,rxminAN-2,txMaxBN-2,txminBN-2,rxmaxBN-2,rxminBN-2,esN-1,sesN-1,txMaxAN-1,txminAN-1,rxmaxAN-1,rxminAN-1,txMaxBN-1,txminBN-1,rxmaxBN-1,rxminBN-1,esN,sesN,txMaxAN,txminAN,rxmaxAN,rxminAN,txMaxBN,txminBN,rxmaxBN,rxminBN,lowthr,ptx,RxNominal,Thr_min,label
222,2356,2018-07-05 02:00:00,2018-07-05 02:15:00,2018-07-05 02:30:00,19,2,38,28,1,0.0,0.0,3.0,3.0,-54.0,-61.0,3.0,3.0,-54.0,-61.0,0.0,0.0,3.0,3.0,-53.0,-58.0,3.0,3.0,-54.0,-58.0,105.0,0.0,7.0,3.0,-54.0,-90.0,7.0,3.0,-55.0,-89.0,-83.0,19.0,-45,-84,1.0
223,2356,2018-07-05 02:15:00,2018-07-05 02:30:00,2018-07-05 02:45:00,19,2,38,28,1,0.0,0.0,3.0,3.0,-53.0,-58.0,3.0,3.0,-54.0,-58.0,105.0,0.0,7.0,3.0,-54.0,-90.0,7.0,3.0,-55.0,-89.0,7.0,0.0,7.0,3.0,-54.0,-88.0,7.0,3.0,-54.0,-87.0,-83.0,19.0,-45,-84,1.0
1257,4713,2019-05-25 23:00:00,2019-05-25 23:15:00,2019-05-25 23:30:00,19,2,18,28,1,11.0,4.0,23.0,19.0,-60.0,-91.0,23.0,19.0,-55.0,-87.0,20.0,5.0,23.0,19.0,-65.0,-95.0,23.0,19.0,-61.0,-90.0,36.0,6.0,23.0,23.0,-78.0,-96.0,23.0,23.0,-75.0,-92.0,-85.0,23.0,-45,-86,1.0
1957,4713,2019-05-27 10:15:00,2019-05-27 10:30:00,2019-05-27 10:45:00,19,2,18,28,1,319.0,172.0,23.0,19.0,-62.0,-97.0,23.0,19.0,-57.0,-93.0,420.0,217.0,23.0,19.0,-69.0,-97.0,23.0,19.0,-65.0,-92.0,283.0,192.0,23.0,19.0,-63.0,-97.0,23.0,19.0,-57.0,-93.0,-85.0,23.0,-45,-86,1.0
1265,4713,2019-05-29 17:45:00,2019-05-29 18:00:00,2019-05-29 18:15:00,19,2,18,28,1,121.0,27.0,23.0,23.0,-85.0,-96.0,23.0,23.0,-82.0,-86.0,283.0,41.0,23.0,23.0,-86.0,-96.0,23.0,23.0,-82.0,-87.0,357.0,78.0,23.0,23.0,-85.0,-96.0,23.0,23.0,-83.0,-88.0,-85.0,23.0,-45,-86,1.0
1270,4713,2019-05-29 19:00:00,2019-05-29 19:15:00,2019-05-29 19:30:00,19,2,18,28,1,231.0,26.0,23.0,23.0,-88.0,-96.0,23.0,23.0,-82.0,-86.0,251.0,19.0,23.0,23.0,-86.0,-96.0,23.0,23.0,-82.0,-85.0,239.0,32.0,23.0,23.0,-87.0,-96.0,23.0,23.0,-83.0,-86.0,-85.0,23.0,-45,-86,1.0
1269,4713,2019-05-29 18:45:00,2019-05-29 19:00:00,2019-05-29 19:15:00,19,2,18,28,1,121.0,38.0,23.0,23.0,-88.0,-96.0,23.0,23.0,-83.0,-87.0,231.0,26.0,23.0,23.0,-88.0,-96.0,23.0,23.0,-82.0,-86.0,251.0,19.0,23.0,23.0,-86.0,-96.0,23.0,23.0,-82.0,-85.0,-85.0,23.0,-45,-86,1.0
1954,4713,2019-05-27 09:30:00,2019-05-27 09:45:00,2019-05-27 10:00:00,19,2,18,28,1,356.0,186.0,23.0,,-65.0,-97.0,23.0,19.0,-60.0,-93.0,362.0,201.0,23.0,19.0,-66.0,-97.0,23.0,19.0,-64.0,-93.0,272.0,154.0,23.0,19.0,-65.0,-97.0,23.0,19.0,-59.0,-93.0,-85.0,23.0,-45,-86,1.0
1258,4713,2019-05-26 01:00:00,2019-05-26 01:15:00,2019-05-26 01:30:00,19,2,18,28,1,51.0,13.0,23.0,23.0,-85.0,-96.0,23.0,23.0,-82.0,-89.0,205.0,53.0,23.0,23.0,-84.0,-95.0,23.0,23.0,-81.0,-90.0,364.0,59.0,23.0,23.0,-86.0,-95.0,23.0,23.0,-83.0,-88.0,-85.0,23.0,-45,-86,1.0
1272,4713,2019-05-29 19:30:00,2019-05-29 19:45:00,2019-05-29 20:00:00,19,2,18,28,1,239.0,32.0,23.0,23.0,-87.0,-96.0,23.0,23.0,-83.0,-86.0,198.0,18.0,23.0,23.0,-86.0,-96.0,23.0,23.0,-82.0,-86.0,169.0,20.0,23.0,23.0,-86.0,-96.0,23.0,23.0,-82.0,-85.0,-85.0,23.0,-45,-86,1.0
1263,4713,2019-05-29 17:15:00,2019-05-29 17:30:00,2019-05-29 17:45:00,19,2,18,28,1,36.0,8.0,23.0,23.0,-84.0,-95.0,23.0,23.0,-81.0,-92.0,160.0,59.0,23.0,23.0,-77.0,-96.0,23.0,23.0,-76.0,-91.0,121.0,27.0,23.0,23.0,-85.0,-96.0,23.0,23.0,-82.0,-86.0,-85.0,23.0,-45,-86,1.0
1264,4713,2019-05-29 17:30:00,2019-05-29 17:45:00,2019-05-29 18:00:00,19,2,18,28,1,160.0,59.0,23.0,23.0,-77.0,-96.0,23.0,23.0,-76.0,-91.0,121.0,27.0,23.0,23.0,-85.0,-96.0,23.0,23.0,-82.0,-86.0,283.0,41.0,23.0,23.0,-86.0,-96.0,23.0,23.0,-82.0,-87.0,-85.0,23.0,-45,-86,1.0
1259,4713,2019-05-27 16:00:00,2019-05-27 16:15:00,2019-05-27 16:30:00,19,2,18,28,1,45.0,19.0,23.0,19.0,-61.0,-96.0,23.0,19.0,-55.0,-90.0,15.0,8.0,23.0,19.0,-57.0,-94.0,23.0,19.0,-53.0,-88.0,80.0,32.0,23.0,19.0,-64.0,-97.0,23.0,19.0,-58.0,-91.0,-85.0,23.0,-45,-86,1.0
1266,4713,2019-05-29 18:00:00,2019-05-29 18:15:00,2019-05-29 18:30:00,19,2,18,28,1,283.0,41.0,23.0,23.0,-86.0,-96.0,23.0,23.0,-82.0,-87.0,357.0,78.0,23.0,23.0,-85.0,-96.0,23.0,23.0,-83.0,-88.0,260.0,44.0,23.0,23.0,-81.0,-96.0,23.0,23.0,-79.0,-88.0,-85.0,23.0,-45,-86,1.0
1271,4713,2019-05-29 19:15:00,2019-05-29 19:30:00,2019-05-29 19:45:00,19,2,18,28,1,251.0,19.0,23.0,23.0,-86.0,-96.0,23.0,23.0,-82.0,-85.0,239.0,32.0,23.0,23.0,-87.0,-96.0,23.0,23.0,-83.0,-86.0,198.0,18.0,23.0,23.0,-86.0,-96.0,23.0,23.0,-82.0,-86.0,-85.0,23.0,-45,-86,1.0
1958,4713,2019-05-27 10:30:00,2019-05-27 10:45:00,2019-05-27 11:00:00,19,2,18,28,1,420.0,217.0,23.0,19.0,-69.0,-97.0,23.0,19.0,-65.0,-92.0,283.0,192.0,23.0,19.0,-63.0,-97.0,23.0,19.0,-57.0,-93.0,169.0,92.0,23.0,19.0,-55.0,-97.0,23.0,19.0,-51.0,-92.0,-85.0,23.0,-45,-86,1.0
1273,4713,2019-05-29 19:45:00,2019-05-29 20:00:00,2019-05-29 20:15:00,19,2,18,28,1,198.0,18.0,23.0,23.0,-86.0,-96.0,23.0,23.0,-82.0,-86.0,169.0,20.0,23.0,23.0,-86.0,-96.0,23.0,23.0,-82.0,-85.0,313.0,13.0,23.0,23.0,-87.0,-95.0,23.0,23.0,-82.0,-85.0,-85.0,23.0,-45,-86,1.0
93,4713,2018-08-14 10:30:00,2018-08-14 10:45:00,2018-08-14 11:00:00,19,2,18,28,1,60.0,9.0,23.0,20.0,-72.0,-94.0,23.0,20.0,-71.0,-88.0,19.0,0.0,23.0,23.0,-76.0,-97.0,23.0,23.0,-75.0,-93.0,80.0,13.0,23.0,23.0,-81.0,-95.0,23.0,23.0,-80.0,-90.0,-85.0,23.0,-45,-86,1.0
1955,4713,2019-05-27 09:45:00,2019-05-27 10:00:00,2019-05-27 10:15:00,19,2,18,28,1,362.0,201.0,23.0,19.0,-66.0,-97.0,23.0,19.0,-64.0,-93.0,272.0,154.0,23.0,19.0,-65.0,-97.0,23.0,19.0,-59.0,-93.0,319.0,172.0,23.0,19.0,-62.0,-97.0,23.0,19.0,-57.0,-93.0,-85.0,23.0,-45,-86,1.0
2508,6691,2019-06-18 16:45:00,2019-06-18 17:00:00,2019-06-18 17:15:00,19,2,13,28,1,0.0,0.0,18.0,18.0,-58.0,-60.0,18.0,18.0,-52.0,-54.0,0.0,0.0,18.0,18.0,-58.0,-64.0,18.0,18.0,-53.0,-58.0,91.0,31.0,22.0,18.0,-60.0,-97.0,22.0,18.0,-54.0,-96.0,-85.5,28.0,-49,-87,1.0
35,6897,2018-10-29 20:15:00,2018-10-29 20:30:00,2018-10-29 20:45:00,19,5,42,28,1,0.0,0.0,12.0,12.0,-49.0,-50.0,2.0,2.0,-40.0,-41.0,0.0,0.0,13.0,12.0,-49.0,-68.0,5.0,2.0,-41.0,-62.0,11.0,1.0,15.0,12.0,-51.0,-87.0,5.0,2.0,-43.0,-80.0,-75.0,15.0,-37,-83,1.0
566,13438,2018-09-02 14:15:00,2018-09-02 14:30:00,2018-09-02 14:45:00,19,2,18,28,1,0.0,0.0,14.0,14.0,-61.0,-63.0,14.0,14.0,-62.0,-63.0,0.0,0.0,18.0,14.0,-61.0,-76.0,18.0,14.0,-61.0,-79.0,35.0,4.0,18.0,18.0,-77.0,-94.0,18.0,-99.0,-87.0,-97.0,-85.0,23.0,-47,-86,1.0
546,23633,2018-05-16 03:30:00,2018-05-16 03:45:00,2018-05-16 04:00:00,19,2,38,28,1,11.0,4.0,17.0,16.0,-63.0,-96.0,17.0,16.0,-59.0,-78.0,159.0,64.0,17.0,16.0,-68.0,-94.0,17.0,17.0,-62.0,-80.0,119.0,38.0,17.0,16.0,-68.0,-96.0,17.0,17.0,-61.0,-70.0,-83.0,19.0,-54,-84,1.0
544,23633,2018-05-16 02:45:00,2018-05-16 03:00:00,2018-05-16 03:15:00,19,2,38,28,1,24.0,4.0,17.0,16.0,-68.0,-88.0,17.0,17.0,-61.0,-67.0,135.0,42.0,17.0,16.0,-68.0,-95.0,17.0,17.0,-60.0,-66.0,127.0,64.0,17.0,16.0,-67.0,-96.0,17.0,17.0,-60.0,-70.0,-83.0,19.0,-54,-84,1.0
549,23633,2018-05-16 04:15:00,2018-05-16 04:30:00,2018-05-16 04:45:00,19,2,38,28,1,64.0,5.0,17.0,17.0,-76.0,-97.0,17.0,17.0,-61.0,-68.0,35.0,5.0,17.0,17.0,-72.0,-97.0,17.0,17.0,-61.0,-68.0,38.0,2.0,17.0,17.0,-74.0,-97.0,17.0,17.0,-62.0,-68.0,-83.0,19.0,-54,-84,1.0
545,23633,2018-05-16 03:15:00,2018-05-16 03:30:00,2018-05-16 03:45:00,19,2,38,28,1,127.0,64.0,17.0,16.0,-67.0,-96.0,17.0,17.0,-60.0,-70.0,11.0,4.0,17.0,16.0,-63.0,-96.0,17.0,16.0,-59.0,-78.0,159.0,64.0,17.0,16.0,-68.0,-94.0,17.0,17.0,-62.0,-80.0,-83.0,19.0,-54,-84,1.0
535,23633,2018-05-05 22:30:00,2018-05-05 22:45:00,2018-05-05 23:00:00,19,2,38,28,1,114.0,45.0,17.0,16.0,-66.0,-97.0,17.0,16.0,-60.0,-71.0,23.0,6.0,17.0,16.0,-81.0,-97.0,17.0,17.0,-60.0,-63.0,72.0,18.0,17.0,16.0,-80.0,-96.0,17.0,17.0,-60.0,-62.0,-83.0,19.0,-54,-84,1.0
528,23633,2018-05-05 20:30:00,2018-05-05 20:45:00,2018-05-05 21:00:00,19,2,38,28,1,124.0,48.0,17.0,16.0,-72.0,-93.0,17.0,17.0,-59.0,-62.0,302.0,100.0,17.0,16.0,-81.0,-96.0,17.0,17.0,-60.0,-63.0,20.0,1.0,17.0,16.0,-81.0,-96.0,17.0,17.0,-60.0,-63.0,-83.0,19.0,-54,-84,1.0
540,23633,2018-05-16 00:45:00,2018-05-16 01:00:00,2018-05-16 01:15:00,19,2,38,28,1,192.0,87.0,17.0,16.0,-67.0,-96.0,17.0,16.0,-61.0,-87.0,133.0,51.0,17.0,16.0,-70.0,-96.0,17.0,17.0,-60.0,-73.0,72.0,14.0,17.0,16.0,-62.0,-95.0,17.0,15.0,-55.0,-79.0,-83.0,19.0,-54,-84,1.0
527,23633,2018-05-05 20:15:00,2018-05-05 20:30:00,2018-05-05 20:45:00,19,2,38,28,1,0.0,0.0,16.0,16.0,-69.0,-83.0,17.0,17.0,-59.0,-61.0,124.0,48.0,17.0,16.0,-72.0,-93.0,17.0,17.0,-59.0,-62.0,302.0,100.0,17.0,16.0,-81.0,-96.0,17.0,17.0,-60.0,-63.0,-83.0,19.0,-54,-84,1.0
550,23633,2018-05-16 04:30:00,2018-05-16 04:45:00,2018-05-16 05:00:00,19,2,38,28,1,35.0,5.0,17.0,17.0,-72.0,-97.0,17.0,17.0,-61.0,-68.0,38.0,2.0,17.0,17.0,-74.0,-97.0,17.0,17.0,-62.0,-68.0,37.0,12.0,17.0,17.0,-72.0,-97.0,17.0,17.0,-61.0,-67.0,-83.0,19.0,-54,-84,1.0
529,23633,2018-05-05 20:45:00,2018-05-05 21:00:00,2018-05-05 21:15:00,19,2,38,28,1,302.0,100.0,17.0,16.0,-81.0,-96.0,17.0,17.0,-60.0,-63.0,20.0,1.0,17.0,16.0,-81.0,-96.0,17.0,17.0,-60.0,-63.0,71.0,25.0,17.0,16.0,-67.0,-95.0,17.0,17.0,-59.0,-67.0,-83.0,19.0,-54,-84,1.0
533,23633,2018-05-05 22:00:00,2018-05-05 22:15:00,2018-05-05 22:30:00,19,2,38,28,1,147.0,35.0,17.0,16.0,-77.0,-95.0,17.0,17.0,-60.0,-63.0,135.0,48.0,17.0,16.0,-65.0,-96.0,17.0,16.0,-60.0,-88.0,114.0,45.0,17.0,16.0,-66.0,-97.0,17.0,16.0,-60.0,-71.0,-83.0,19.0,-54,-84,1.0
542,23633,2018-05-16 01:30:00,2018-05-16 01:45:00,2018-05-16 02:00:00,19,2,38,28,1,147.0,39.0,17.0,16.0,-61.0,-96.0,17.0,15.0,-55.0,-83.0,165.0,74.0,17.0,16.0,-63.0,-95.0,17.0,16.0,-60.0,-74.0,127.0,55.0,17.0,16.0,-67.0,-96.0,17.0,16.0,-60.0,-70.0,-83.0,19.0,-54,-84,1.0
537,23633,2018-05-05 23:00:00,2018-05-05 23:15:00,2018-05-05 23:30:00,19,2,38,28,1,72.0,18.0,17.0,16.0,-80.0,-96.0,17.0,17.0,-60.0,-62.0,57.0,18.0,17.0,16.0,-71.0,-94.0,17.0,17.0,-59.0,-67.0,73.0,30.0,17.0,16.0,-74.0,-96.0,17.0,17.0,-60.0,-63.0,-83.0,19.0,-54,-84,1.0
538,23633,2018-05-16 00:15:00,2018-05-16 00:30:00,2018-05-16 00:45:00,19,2,38,28,1,0.0,0.0,16.0,16.0,-67.0,-80.0,17.0,16.0,-59.0,-67.0,8.0,0.0,17.0,16.0,-70.0,-88.0,17.0,17.0,-61.0,-71.0,192.0,87.0,17.0,16.0,-67.0,-96.0,17.0,16.0,-61.0,-87.0,-83.0,19.0,-54,-84,1.0
536,23633,2018-05-05 22:45:00,2018-05-05 23:00:00,2018-05-05 23:15:00,19,2,38,28,1,23.0,6.0,17.0,16.0,-81.0,-97.0,17.0,17.0,-60.0,-63.0,72.0,18.0,17.0,16.0,-80.0,-96.0,17.0,17.0,-60.0,-62.0,57.0,18.0,17.0,16.0,-71.0,-94.0,17.0,17.0,-59.0,-67.0,-83.0,19.0,-54,-84,1.0
548,23633,2018-05-16 04:00:00,2018-05-16 04:15:00,2018-05-16 04:30:00,19,2,38,28,1,119.0,38.0,17.0,16.0,-68.0,-96.0,17.0,17.0,-61.0,-70.0,64.0,5.0,17.0,17.0,-76.0,-97.0,17.0,17.0,-61.0,-68.0,35.0,5.0,17.0,17.0,-72.0,-97.0,17.0,17.0,-61.0,-68.0,-83.0,19.0,-54,-84,1.0
541,23633,2018-05-16 01:00:00,2018-05-16 01:15:00,2018-05-16 01:30:00,19,2,38,28,1,133.0,51.0,17.0,16.0,-70.0,-96.0,17.0,17.0,-60.0,-73.0,72.0,14.0,17.0,16.0,-62.0,-95.0,17.0,15.0,-55.0,-79.0,147.0,39.0,17.0,16.0,-61.0,-96.0,17.0,15.0,-55.0,-83.0,-83.0,19.0,-54,-84,1.0
534,23633,2018-05-05 22:15:00,2018-05-05 22:30:00,2018-05-05 22:45:00,19,2,38,28,1,135.0,48.0,17.0,16.0,-65.0,-96.0,17.0,16.0,-60.0,-88.0,114.0,45.0,17.0,16.0,-66.0,-97.0,17.0,16.0,-60.0,-71.0,23.0,6.0,17.0,16.0,-81.0,-97.0,17.0,17.0,-60.0,-63.0,-83.0,19.0,-54,-84,1.0
539,23633,2018-05-16 00:30:00,2018-05-16 00:45:00,2018-05-16 01:00:00,19,2,38,28,1,8.0,0.0,17.0,16.0,-70.0,-88.0,17.0,17.0,-61.0,-71.0,192.0,87.0,17.0,16.0,-67.0,-96.0,17.0,16.0,-61.0,-87.0,133.0,51.0,17.0,16.0,-70.0,-96.0,17.0,17.0,-60.0,-73.0,-83.0,19.0,-54,-84,1.0
553,23633,2018-05-16 05:30:00,2018-05-16 05:45:00,2018-05-16 06:00:00,19,2,38,28,1,65.0,22.0,17.0,17.0,-68.0,-93.0,17.0,17.0,-59.0,-66.0,125.0,61.0,17.0,17.0,-73.0,-97.0,17.0,17.0,-62.0,-71.0,70.0,20.0,17.0,17.0,-67.0,-97.0,17.0,16.0,-59.0,-70.0,-83.0,19.0,-54,-84,1.0
532,23633,2018-05-05 21:45:00,2018-05-05 22:00:00,2018-05-05 22:15:00,19,2,38,28,1,35.0,9.0,17.0,16.0,-64.0,-91.0,17.0,16.0,-60.0,-80.0,147.0,35.0,17.0,16.0,-77.0,-95.0,17.0,17.0,-60.0,-63.0,135.0,48.0,17.0,16.0,-65.0,-96.0,17.0,16.0,-60.0,-88.0,-83.0,19.0,-54,-84,1.0
547,23633,2018-05-16 03:45:00,2018-05-16 04:00:00,2018-05-16 04:15:00,19,2,38,28,1,159.0,64.0,17.0,16.0,-68.0,-94.0,17.0,17.0,-62.0,-80.0,119.0,38.0,17.0,16.0,-68.0,-96.0,17.0,17.0,-61.0,-70.0,64.0,5.0,17.0,17.0,-76.0,-97.0,17.0,17.0,-61.0,-68.0,-83.0,19.0,-54,-84,1.0
543,23633,2018-05-16 02:30:00,2018-05-16 02:45:00,2018-05-16 03:00:00,19,2,38,28,1,19.0,4.0,17.0,16.0,-64.0,-92.0,17.0,16.0,-58.0,-66.0,24.0,4.0,17.0,16.0,-68.0,-88.0,17.0,17.0,-61.0,-67.0,135.0,42.0,17.0,16.0,-68.0,-95.0,17.0,17.0,-60.0,-66.0,-83.0,19.0,-54,-84,1.0
417,33382,2019-02-14 14:15:00,2019-02-14 14:30:00,2019-02-14 14:45:00,19,3,18,28,1,0.0,0.0,23.0,20.0,-69.0,-76.0,23.0,20.0,-68.0,-75.0,0.0,0.0,23.0,20.0,-69.0,-76.0,23.0,20.0,-68.0,-75.0,44.0,3.0,23.0,23.0,-70.0,-85.0,23.0,20.0,-69.0,-86.0,-79.5,23.0,-45,-86,1.0
418,33382,2019-02-14 15:15:00,2019-02-14 15:30:00,2019-02-14 15:45:00,19,3,18,28,1,6.0,4.0,23.0,20.0,-71.0,-85.0,23.0,20.0,-70.0,-87.0,0.0,0.0,23.0,20.0,-69.0,-76.0,23.0,20.0,-69.0,-75.0,10.0,5.0,23.0,20.0,-70.0,-90.0,23.0,20.0,-69.0,-87.0,-79.5,23.0,-45,-86,1.0
414,33382,2019-02-14 11:30:00,2019-02-14 11:45:00,2019-02-14 12:00:00,19,3,18,28,1,39.0,8.0,23.0,23.0,-71.0,-77.0,23.0,20.0,-70.0,-82.0,2.0,0.0,23.0,20.0,-71.0,-79.0,23.0,20.0,-69.0,-81.0,50.0,23.0,23.0,20.0,-68.0,-86.0,23.0,20.0,-67.0,-86.0,-79.5,23.0,-45,-86,1.0
398,33382,2018-04-23 14:00:00,2018-04-23 14:15:00,2018-04-23 14:30:00,19,3,18,28,1,0.0,0.0,20.0,19.0,-64.0,-68.0,20.0,19.0,-62.0,-68.0,11.0,6.0,23.0,-99.0,-63.0,-96.0,23.0,19.0,-63.0,-94.0,1.0,0.0,20.0,20.0,-64.0,-66.0,23.0,19.0,-64.0,-94.0,-79.5,23.0,-45,-86,1.0
397,33382,2018-04-23 13:45:00,2018-04-23 14:00:00,2018-04-23 14:15:00,19,3,18,28,1,0.0,0.0,21.0,19.0,-64.0,-73.0,21.0,19.0,-63.0,-69.0,0.0,0.0,20.0,19.0,-64.0,-68.0,20.0,19.0,-62.0,-68.0,11.0,6.0,23.0,-99.0,-63.0,-96.0,23.0,19.0,-63.0,-94.0,-79.5,23.0,-45,-86,1.0
410,33382,2018-11-29 10:45:00,2018-11-29 11:00:00,2018-11-29 11:15:00,19,3,18,28,1,0.0,0.0,23.0,20.0,-71.0,-76.0,23.0,20.0,-69.0,-75.0,111.0,12.0,23.0,20.0,-69.0,-76.0,23.0,20.0,-70.0,-75.0,47.0,0.0,23.0,23.0,-68.0,-76.0,23.0,20.0,-69.0,-75.0,-79.5,23.0,-45,-86,1.0
399,33382,2018-04-23 14:15:00,2018-04-23 14:30:00,2018-04-23 14:45:00,19,3,18,28,1,11.0,6.0,23.0,-99.0,-63.0,-96.0,23.0,19.0,-63.0,-94.0,1.0,0.0,20.0,20.0,-64.0,-66.0,23.0,19.0,-64.0,-94.0,9.0,9.0,19.0,-99.0,-58.0,-70.0,23.0,19.0,-65.0,-94.0,-79.5,23.0,-45,-86,1.0
415,33382,2019-02-14 11:45:00,2019-02-14 12:00:00,2019-02-14 12:15:00,19,3,18,28,1,2.0,0.0,23.0,20.0,-71.0,-79.0,23.0,20.0,-69.0,-81.0,50.0,23.0,23.0,20.0,-68.0,-86.0,23.0,20.0,-67.0,-86.0,35.0,17.0,23.0,23.0,-69.0,-85.0,23.0,20.0,-67.0,-86.0,-79.5,23.0,-45,-86,1.0
419,33382,2019-02-14 15:30:00,2019-02-14 15:45:00,2019-02-14 16:00:00,19,3,18,28,1,0.0,0.0,23.0,20.0,-69.0,-76.0,23.0,20.0,-69.0,-75.0,10.0,5.0,23.0,20.0,-70.0,-90.0,23.0,20.0,-69.0,-87.0,17.0,11.0,23.0,20.0,-70.0,-84.0,23.0,20.0,-68.0,-87.0,-79.5,23.0,-45,-86,1.0
411,33382,2018-11-29 11:00:00,2018-11-29 11:15:00,2018-11-29 11:30:00,19,3,18,28,1,111.0,12.0,23.0,20.0,-69.0,-76.0,23.0,20.0,-70.0,-75.0,47.0,0.0,23.0,23.0,-68.0,-76.0,23.0,20.0,-69.0,-75.0,85.0,5.0,23.0,23.0,-70.0,-76.0,23.0,20.0,-70.0,-77.0,-79.5,23.0,-45,-86,1.0
413,33382,2019-02-14 10:15:00,2019-02-14 10:30:00,2019-02-14 10:45:00,19,3,18,28,1,2.0,0.0,23.0,20.0,-68.0,-76.0,23.0,19.0,-67.0,-80.0,0.0,0.0,23.0,20.0,-68.0,-76.0,23.0,19.0,-68.0,-77.0,10.0,3.0,23.0,20.0,-68.0,-89.0,23.0,20.0,-68.0,-87.0,-79.5,23.0,-45,-86,1.0
429,33846,2019-03-22 15:00:00,2019-03-22 15:15:00,2019-03-22 15:30:00,27,1,80,250,1,0.0,0.0,13.0,13.0,-42.0,-45.0,13.0,13.0,-49.0,-55.0,2.0,0.0,18.0,13.0,-42.0,-44.0,13.0,13.0,-49.0,-60.0,63.0,37.0,18.0,13.0,-36.0,-43.0,18.0,13.0,-53.0,-71.0,-71.0,18.0,-21,-73,1.0
426,33846,2019-02-28 14:45:00,2019-02-28 15:00:00,2019-02-28 15:15:00,27,1,80,250,1,0.0,0.0,13.0,13.0,-37.0,-39.0,13.0,13.0,-46.0,-52.0,0.0,0.0,13.0,13.0,-38.0,-39.0,13.0,13.0,-50.0,-55.0,53.0,28.0,18.0,13.0,-36.0,-42.0,18.0,13.0,-52.0,-71.0,-71.0,18.0,-21,-73,1.0
428,33846,2019-03-21 16:30:00,2019-03-21 16:45:00,2019-03-21 17:00:00,27,1,80,250,1,0.0,0.0,13.0,13.0,-37.0,-38.0,13.0,13.0,-46.0,-48.0,0.0,0.0,13.0,13.0,-38.0,-40.0,13.0,13.0,-48.0,-58.0,12.0,6.0,18.0,13.0,-36.0,-44.0,18.0,13.0,-49.0,-72.0,-71.0,18.0,-21,-73,1.0
425,33846,2019-02-28 12:00:00,2019-02-28 12:15:00,2019-02-28 12:30:00,27,1,80,250,1,0.0,0.0,13.0,13.0,-46.0,-51.0,13.0,13.0,-40.0,-47.0,0.0,0.0,13.0,13.0,-42.0,-47.0,13.0,13.0,-47.0,-59.0,18.0,7.0,18.0,13.0,-36.0,-42.0,18.0,13.0,-58.0,-71.0,-71.0,18.0,-21,-73,1.0
434,34737,2018-07-27 03:45:00,2018-07-27 04:00:00,2018-07-27 04:15:00,19,8,11,40,0,0.0,0.0,24.0,24.0,-42.0,-65.0,23.0,23.0,-43.0,-62.0,0.0,0.0,24.0,24.0,-40.0,-64.0,23.0,23.0,-40.0,-79.0,4.0,3.0,24.0,24.0,-33.0,-69.0,23.0,23.0,-33.0,-77.0,-69.5,24.0,-42,-85,1.0
445,34737,2018-11-05 06:00:00,2018-11-05 06:15:00,2018-11-05 06:30:00,19,8,11,40,0,0.0,0.0,24.0,24.0,-47.0,-59.0,23.0,23.0,-47.0,-57.0,0.0,0.0,24.0,24.0,-48.0,-64.0,23.0,23.0,-48.0,-62.0,28.0,12.0,24.0,24.0,-62.0,-95.0,23.0,23.0,-61.0,-93.0,-69.5,24.0,-42,-85,1.0
446,34737,2018-11-05 06:15:00,2018-11-05 06:30:00,2018-11-05 06:45:00,19,8,11,40,0,0.0,0.0,24.0,24.0,-48.0,-64.0,23.0,23.0,-48.0,-62.0,28.0,12.0,24.0,24.0,-62.0,-95.0,23.0,23.0,-61.0,-93.0,33.0,0.0,24.0,24.0,-65.0,-76.0,23.0,23.0,-63.0,-73.0,-69.5,24.0,-42,-85,1.0
438,34737,2018-08-28 07:45:00,2018-08-28 08:00:00,2018-08-28 08:15:00,19,8,11,40,0,0.0,0.0,24.0,24.0,-37.0,-46.0,23.0,23.0,-38.0,-47.0,0.0,0.0,24.0,24.0,-35.0,-50.0,23.0,23.0,-37.0,-51.0,1.0,0.0,24.0,24.0,-39.0,-74.0,23.0,23.0,-40.0,-65.0,-69.5,24.0,-42,-85,1.0
433,34737,2018-07-27 03:30:00,2018-07-27 03:45:00,2018-07-27 04:00:00,19,8,11,40,0,5.0,5.0,24.0,24.0,-35.0,-82.0,23.0,23.0,-35.0,-66.0,0.0,0.0,24.0,24.0,-42.0,-65.0,23.0,23.0,-43.0,-62.0,0.0,0.0,24.0,24.0,-40.0,-64.0,23.0,23.0,-40.0,-79.0,-69.5,24.0,-42,-85,1.0
437,34737,2018-08-28 06:45:00,2018-08-28 07:00:00,2018-08-28 07:15:00,19,8,11,40,0,0.0,0.0,24.0,24.0,-44.0,-61.0,23.0,23.0,-45.0,-57.0,12.0,12.0,24.0,24.0,-37.0,-80.0,23.0,23.0,-38.0,-66.0,2.0,1.0,24.0,24.0,-35.0,-83.0,23.0,23.0,-38.0,-72.0,-69.5,24.0,-42,-85,1.0
432,34737,2018-07-16 03:30:00,2018-07-16 03:45:00,2018-07-16 04:00:00,19,8,11,40,0,4.0,0.0,24.0,24.0,-44.0,-85.0,23.0,23.0,-45.0,-83.0,1.0,0.0,24.0,24.0,-70.0,-96.0,23.0,23.0,-69.0,-96.0,141.0,34.0,24.0,24.0,-66.0,-84.0,23.0,23.0,-65.0,-83.0,-69.5,24.0,-42,-85,1.0
431,34737,2018-07-16 03:15:00,2018-07-16 03:30:00,2018-07-16 03:45:00,19,8,11,40,0,0.0,0.0,24.0,24.0,-44.0,-46.0,23.0,23.0,-45.0,-46.0,4.0,0.0,24.0,24.0,-44.0,-85.0,23.0,23.0,-45.0,-83.0,1.0,0.0,24.0,24.0,-70.0,-96.0,23.0,23.0,-69.0,-96.0,-69.5,24.0,-42,-85,1.0
1011,78101,2018-04-11 07:30:00,2018-04-11 07:45:00,2018-04-11 08:00:00,19,7,18,56,0,0.0,0.0,17.0,17.0,-73.0,-75.0,17.0,17.0,-77.0,-79.0,0.0,0.0,17.0,17.0,-73.0,-75.0,17.0,17.0,-77.0,-79.0,0.0,0.0,17.0,17.0,-73.0,-75.0,17.0,17.0,-77.0,-79.0,-71.0,19.0,-43,-84,1.0
993,78101,2018-04-08 21:15:00,2018-04-08 21:30:00,2018-04-08 21:45:00,19,7,18,56,0,188.0,0.0,17.0,17.0,-84.0,-85.0,17.0,17.0,-85.0,-86.0,134.0,7.0,17.0,17.0,-84.0,-85.0,17.0,17.0,-85.0,-85.0,605.0,14.0,17.0,17.0,-84.0,-85.0,17.0,17.0,-84.0,-85.0,-71.0,19.0,-43,-84,1.0
998,78101,2018-04-08 22:30:00,2018-04-08 22:45:00,2018-04-08 23:00:00,19,7,18,56,0,831.0,51.0,17.0,17.0,-84.0,-85.0,17.0,17.0,-84.0,-85.0,807.0,36.0,17.0,17.0,-84.0,-84.0,17.0,17.0,-84.0,-85.0,880.0,39.0,17.0,17.0,-84.0,-84.0,17.0,17.0,-84.0,-85.0,-71.0,19.0,-43,-84,1.0
994,78101,2018-04-08 21:30:00,2018-04-08 21:45:00,2018-04-08 22:00:00,19,7,18,56,0,134.0,7.0,17.0,17.0,-84.0,-85.0,17.0,17.0,-85.0,-85.0,605.0,14.0,17.0,17.0,-84.0,-85.0,17.0,17.0,-84.0,-85.0,289.0,0.0,17.0,17.0,-84.0,-85.0,17.0,17.0,-85.0,-85.0,-71.0,19.0,-43,-84,1.0
1009,78101,2018-04-11 07:00:00,2018-04-11 07:15:00,2018-04-11 07:30:00,19,7,18,56,0,0.0,0.0,17.0,17.0,-73.0,-74.0,17.0,17.0,-77.0,-78.0,0.0,0.0,17.0,17.0,-73.0,-75.0,17.0,17.0,-77.0,-79.0,0.0,0.0,17.0,17.0,-73.0,-75.0,17.0,17.0,-77.0,-79.0,-71.0,19.0,-43,-84,1.0
999,78101,2018-04-11 04:30:00,2018-04-11 04:45:00,2018-04-11 05:00:00,19,7,18,56,0,0.0,0.0,0.0,0.0,0.0,0.0,17.0,17.0,-77.0,-79.0,0.0,0.0,0.0,0.0,0.0,0.0,17.0,17.0,-77.0,-79.0,0.0,0.0,17.0,17.0,-73.0,-75.0,17.0,17.0,-77.0,-78.0,-71.0,19.0,-43,-84,1.0
997,78101,2018-04-08 22:15:00,2018-04-08 22:30:00,2018-04-08 22:45:00,19,7,18,56,0,309.0,0.0,17.0,17.0,-84.0,-84.0,17.0,17.0,-85.0,-85.0,831.0,51.0,17.0,17.0,-84.0,-85.0,17.0,17.0,-84.0,-85.0,807.0,36.0,17.0,17.0,-84.0,-84.0,17.0,17.0,-84.0,-85.0,-71.0,19.0,-43,-84,1.0
996,78101,2018-04-08 22:00:00,2018-04-08 22:15:00,2018-04-08 22:30:00,19,7,18,56,0,289.0,0.0,17.0,17.0,-84.0,-85.0,17.0,17.0,-85.0,-85.0,309.0,0.0,17.0,17.0,-84.0,-84.0,17.0,17.0,-85.0,-85.0,831.0,51.0,17.0,17.0,-84.0,-85.0,17.0,17.0,-84.0,-85.0,-71.0,19.0,-43,-84,1.0
1000,78101,2018-04-11 04:45:00,2018-04-11 05:00:00,2018-04-11 05:15:00,19,7,18,56,0,0.0,0.0,0.0,0.0,0.0,0.0,17.0,17.0,-77.0,-79.0,0.0,0.0,17.0,17.0,-73.0,-75.0,17.0,17.0,-77.0,-78.0,0.0,0.0,17.0,17.0,-73.0,-74.0,17.0,17.0,-77.0,-78.0,-71.0,19.0,-43,-84,1.0
1010,78101,2018-04-11 07:15:00,2018-04-11 07:30:00,2018-04-11 07:45:00,19,7,18,56,0,0.0,0.0,17.0,17.0,-73.0,-75.0,17.0,17.0,-77.0,-79.0,0.0,0.0,17.0,17.0,-73.0,-75.0,17.0,17.0,-77.0,-79.0,0.0,0.0,17.0,17.0,-73.0,-75.0,17.0,17.0,-77.0,-79.0,-71.0,19.0,-43,-84,1.0
1003,78101,2018-04-11 05:30:00,2018-04-11 05:45:00,2018-04-11 06:00:00,19,7,18,56,0,0.0,0.0,17.0,17.0,-73.0,-74.0,17.0,17.0,-77.0,-78.0,0.0,0.0,17.0,17.0,-73.0,-74.0,17.0,17.0,-77.0,-78.0,0.0,0.0,17.0,17.0,-74.0,-75.0,17.0,17.0,-77.0,-78.0,-71.0,19.0,-43,-84,1.0
992,78101,2018-04-08 21:00:00,2018-04-08 21:15:00,2018-04-08 21:30:00,19,7,18,56,0,202.0,0.0,17.0,17.0,-84.0,-85.0,17.0,17.0,-85.0,-86.0,188.0,0.0,17.0,17.0,-84.0,-85.0,17.0,17.0,-85.0,-86.0,134.0,7.0,17.0,17.0,-84.0,-85.0,17.0,17.0,-85.0,-85.0,-71.0,19.0,-43,-84,1.0
1002,78101,2018-04-11 05:15:00,2018-04-11 05:30:00,2018-04-11 05:45:00,19,7,18,56,0,0.0,0.0,17.0,17.0,-73.0,-74.0,17.0,17.0,-77.0,-78.0,0.0,0.0,17.0,17.0,-73.0,-74.0,17.0,17.0,-77.0,-78.0,0.0,0.0,17.0,17.0,-73.0,-74.0,17.0,17.0,-77.0,-78.0,-71.0,19.0,-43,-84,1.0
1008,78101,2018-04-11 06:45:00,2018-04-11 07:00:00,2018-04-11 07:15:00,19,7,18,56,0,0.0,0.0,17.0,17.0,-73.0,-75.0,17.0,17.0,-77.0,-78.0,0.0,0.0,17.0,17.0,-73.0,-74.0,17.0,17.0,-77.0,-78.0,0.0,0.0,17.0,17.0,-73.0,-75.0,17.0,17.0,-77.0,-79.0,-71.0,19.0,-43,-84,1.0
1007,78101,2018-04-11 06:30:00,2018-04-11 06:45:00,2018-04-11 07:00:00,19,7,18,56,0,0.0,0.0,17.0,17.0,-73.0,-75.0,17.0,17.0,-77.0,-78.0,0.0,0.0,17.0,17.0,-73.0,-75.0,17.0,17.0,-77.0,-78.0,0.0,0.0,17.0,17.0,-73.0,-74.0,17.0,17.0,-77.0,-78.0,-71.0,19.0,-43,-84,1.0
1013,78101,2018-04-11 08:00:00,2018-04-11 08:15:00,2018-04-11 08:30:00,19,7,18,56,0,0.0,0.0,17.0,17.0,-73.0,-75.0,17.0,17.0,-77.0,-79.0,0.0,0.0,17.0,17.0,-73.0,-75.0,17.0,17.0,-77.0,-78.0,0.0,0.0,17.0,17.0,-73.0,-74.0,17.0,17.0,-77.0,-78.0,-71.0,19.0,-43,-84,1.0
1005,78101,2018-04-11 06:00:00,2018-04-11 06:15:00,2018-04-11 06:30:00,19,7,18,56,0,0.0,0.0,17.0,17.0,-74.0,-75.0,17.0,17.0,-77.0,-78.0,0.0,0.0,17.0,17.0,-73.0,-75.0,17.0,17.0,-77.0,-78.0,0.0,0.0,17.0,17.0,-73.0,-75.0,17.0,17.0,-77.0,-78.0,-71.0,19.0,-43,-84,1.0
152,81704,2018-08-31 06:45:00,2018-08-31 07:00:00,2018-08-31 07:15:00,19,2,18,28,1,0.0,0.0,19.0,15.0,-52.0,-75.0,19.0,15.0,-52.0,-77.0,2.0,0.0,19.0,15.0,-52.0,-84.0,19.0,15.0,-52.0,-90.0,83.0,11.0,19.0,19.0,-73.0,-87.0,19.0,19.0,-77.0,-97.0,-85.0,23.0,-44,-86,1.0
150,81704,2018-08-31 05:30:00,2018-08-31 05:45:00,2018-08-31 06:00:00,19,2,18,28,1,0.0,0.0,19.0,15.0,-50.0,-74.0,17.0,15.0,-50.0,-76.0,37.0,0.0,19.0,16.0,-68.0,-88.0,19.0,16.0,-70.0,-97.0,33.0,0.0,19.0,15.0,-64.0,-88.0,19.0,15.0,-64.0,-97.0,-85.0,23.0,-44,-86,1.0
153,81704,2018-08-31 07:00:00,2018-08-31 07:15:00,2018-08-31 07:30:00,19,2,18,28,1,2.0,0.0,19.0,15.0,-52.0,-84.0,19.0,15.0,-52.0,-90.0,83.0,11.0,19.0,19.0,-73.0,-87.0,19.0,19.0,-77.0,-97.0,48.0,7.0,19.0,16.0,-68.0,-86.0,19.0,15.0,-70.0,-96.0,-85.0,23.0,-44,-86,1.0
149,81704,2018-08-31 05:15:00,2018-08-31 05:30:00,2018-08-31 05:45:00,19,2,18,28,1,0.0,0.0,15.0,15.0,-49.0,-52.0,15.0,15.0,-48.0,-52.0,0.0,0.0,19.0,15.0,-50.0,-74.0,17.0,15.0,-50.0,-76.0,37.0,0.0,19.0,16.0,-68.0,-88.0,19.0,16.0,-70.0,-97.0,-85.0,23.0,-44,-86,1.0
699,127346,2018-06-22 16:15:00,2018-06-22 16:30:00,2018-06-22 16:45:00,19,2,18,28,1,0.0,0.0,18.0,14.0,-58.0,-81.0,18.0,14.0,-58.0,-78.0,81.0,0.0,18.0,18.0,-81.0,-97.0,18.0,18.0,-78.0,-97.0,11.0,0.0,18.0,14.0,-65.0,-97.0,18.0,14.0,-64.0,-97.0,-85.0,23.0,-45,-86,1.0
701,127346,2018-09-17 16:45:00,2018-09-17 17:00:00,2018-09-17 17:15:00,19,2,18,28,1,0.0,0.0,18.0,14.0,-57.0,-78.0,18.0,14.0,-57.0,-82.0,22.0,0.0,18.0,15.0,-68.0,-89.0,18.0,14.0,-70.0,-94.0,41.0,0.0,18.0,14.0,-67.0,-97.0,18.0,14.0,-67.0,-97.0,-85.0,23.0,-45,-86,1.0
697,127346,2018-06-22 15:00:00,2018-06-22 15:15:00,2018-06-22 15:30:00,19,2,18,28,1,0.0,0.0,14.0,14.0,-57.0,-58.0,14.0,14.0,-56.0,-58.0,0.0,0.0,15.0,14.0,-57.0,-66.0,15.0,14.0,-57.0,-66.0,11.0,0.0,18.0,14.0,-60.0,-96.0,18.0,14.0,-60.0,-92.0,-85.0,23.0,-45,-86,1.0
700,127346,2018-09-17 16:30:00,2018-09-17 16:45:00,2018-09-17 17:00:00,19,2,18,28,1,0.0,0.0,14.0,14.0,-56.0,-58.0,14.0,14.0,-57.0,-58.0,0.0,0.0,18.0,14.0,-57.0,-78.0,18.0,14.0,-57.0,-82.0,22.0,0.0,18.0,15.0,-68.0,-89.0,18.0,14.0,-70.0,-94.0,-85.0,23.0,-45,-86,1.0
2276,224345,2019-06-05 01:00:00,2019-06-05 01:15:00,2019-06-05 01:30:00,19,2,11,40,1,44.0,17.0,24.0,23.0,-63.0,-82.0,24.0,23.0,-62.0,-94.0,0.0,0.0,24.0,22.0,-62.0,-71.0,24.0,23.0,-61.0,-73.0,26.0,26.0,23.0,23.0,-67.0,-95.0,23.0,23.0,-67.0,-94.0,-84.0,28.0,-52,-85,1.0
2275,224345,2019-06-05 00:30:00,2019-06-05 00:45:00,2019-06-05 01:00:00,19,2,11,40,1,0.0,0.0,24.0,24.0,-64.0,-72.0,23.0,23.0,-64.0,-67.0,4.0,0.0,24.0,23.0,-64.0,-79.0,24.0,23.0,-64.0,-96.0,44.0,17.0,24.0,23.0,-63.0,-82.0,24.0,23.0,-62.0,-94.0,-84.0,28.0,-52,-85,1.0
2277,224345,2019-06-05 01:00:00,2019-06-05 01:15:00,2019-06-05 01:30:00,19,2,11,40,1,15.0,9.0,24.0,23.0,-63.0,-92.0,24.0,23.0,-63.0,-88.0,0.0,0.0,24.0,22.0,-63.0,-73.0,24.0,22.0,-62.0,-81.0,10.0,8.0,24.0,23.0,-67.0,-95.0,23.0,23.0,-66.0,-96.0,-84.0,28.0,-52,-85,1.0
2274,224345,2019-06-05 00:15:00,2019-06-05 00:30:00,2019-06-05 00:45:00,19,2,11,40,1,0.0,0.0,24.0,23.0,-63.0,-71.0,24.0,23.0,-63.0,-67.0,0.0,0.0,24.0,24.0,-64.0,-72.0,23.0,23.0,-64.0,-67.0,4.0,0.0,24.0,23.0,-64.0,-79.0,24.0,23.0,-64.0,-96.0,-84.0,28.0,-52,-85,1.0
1812,412419,2019-05-27 01:45:00,2019-05-27 02:00:00,2019-05-27 02:15:00,19,5,38,28,1,146.0,85.0,13.0,12.0,-58.0,-78.0,13.0,13.0,-60.0,-79.0,200.0,99.0,13.0,12.0,-62.0,-78.0,13.0,13.0,-64.0,-75.0,322.0,175.0,13.0,11.0,-57.0,-80.0,13.0,13.0,-61.0,-81.0,-76.0,17.0,-36,-84,1.0
1814,412419,2019-05-27 02:15:00,2019-05-27 02:30:00,2019-05-27 02:45:00,19,5,38,28,1,322.0,175.0,13.0,11.0,-57.0,-80.0,13.0,13.0,-61.0,-81.0,374.0,173.0,13.0,11.0,-57.0,-80.0,13.0,13.0,-62.0,-77.0,318.0,130.0,13.0,12.0,-60.0,-79.0,13.0,13.0,-60.0,-77.0,-76.0,17.0,-36,-84,1.0
1816,412419,2019-05-27 11:15:00,2019-05-27 11:30:00,2019-05-27 11:45:00,19,5,38,28,1,36.0,13.0,13.0,11.0,-56.0,-77.0,13.0,13.0,-58.0,-74.0,268.0,120.0,13.0,13.0,-66.0,-78.0,13.0,13.0,-66.0,-80.0,267.0,154.0,13.0,11.0,-54.0,-83.0,13.0,13.0,-57.0,-81.0,-76.0,17.0,-36,-84,1.0
1815,412419,2019-05-27 11:00:00,2019-05-27 11:15:00,2019-05-27 11:30:00,19,5,38,28,1,12.0,4.0,13.0,11.0,-53.0,-76.0,13.0,13.0,-54.0,-72.0,36.0,13.0,13.0,11.0,-56.0,-77.0,13.0,13.0,-58.0,-74.0,268.0,120.0,13.0,13.0,-66.0,-78.0,13.0,13.0,-66.0,-80.0,-76.0,17.0,-36,-84,1.0
1818,413948,2019-05-27 21:00:00,2019-05-27 21:15:00,2019-05-27 21:30:00,19,8,13,28,0,0.0,0.0,23.0,23.0,-57.0,-68.0,23.0,23.0,-56.0,-67.0,0.0,0.0,23.0,23.0,-57.0,-72.0,23.0,23.0,-57.0,-71.0,15.0,4.0,23.0,23.0,-63.0,-90.0,23.0,23.0,-62.0,-89.0,-71.0,24.0,-44,-87,1.0
2400,6589,2019-06-06 15:15:00,2019-06-06 15:30:00,2019-06-06 15:45:00,19,7,38,56,1,0.0,0.0,14.0,14.0,-37.0,-39.0,13.0,13.0,-35.0,-36.0,0.0,0.0,14.0,14.0,-37.0,-58.0,15.0,13.0,-35.0,-56.0,4.0,0.0,16.0,14.0,-36.0,-73.0,15.0,13.0,-35.0,-72.0,-69.0,15.0,-35,-82,3.0
2348,13016,2019-06-07 23:00:00,2019-06-07 23:15:00,2019-06-07 23:30:00,19,9,11,40,0,0.0,0.0,22.0,22.0,-33.0,-48.0,22.0,22.0,-33.0,-47.0,4.0,2.0,22.0,22.0,-29.0,-68.0,22.0,22.0,-30.0,-59.0,23.0,20.0,22.0,22.0,-38.0,-81.0,22.0,22.0,-39.0,-81.0,-66.5,23.0,-37,-85,3.0
2346,13016,2019-06-07 20:00:00,2019-06-07 20:15:00,2019-06-07 20:30:00,19,9,11,40,0,2.0,2.0,22.0,22.0,-36.0,-64.0,22.0,22.0,-36.0,-66.0,34.0,27.0,22.0,22.0,-40.0,-77.0,22.0,22.0,-39.0,-77.0,10.0,6.0,22.0,22.0,-29.0,-71.0,22.0,22.0,-29.0,-80.0,-66.5,23.0,-37,-85,3.0
2347,13016,2019-06-07 22:15:00,2019-06-07 22:30:00,2019-06-07 22:45:00,19,9,11,40,0,16.0,14.0,22.0,22.0,-36.0,-66.0,22.0,22.0,-36.0,-75.0,5.0,4.0,22.0,22.0,-32.0,-68.0,22.0,22.0,-33.0,-66.0,19.0,18.0,22.0,22.0,-36.0,-80.0,22.0,22.0,-35.0,-74.0,-66.5,23.0,-37,-85,3.0
2403,13868,2019-06-06 22:30:00,2019-06-06 22:45:00,2019-06-06 23:00:00,19,9,11,40,0,10.0,9.0,22.0,22.0,-34.0,-80.0,22.0,22.0,-34.0,-67.0,0.0,0.0,22.0,22.0,-34.0,-55.0,22.0,22.0,-34.0,-53.0,13.0,7.0,22.0,22.0,-42.0,-75.0,22.0,22.0,-42.0,-76.0,-66.5,23.0,-42,-85,3.0
2471,21033,2019-06-20 05:00:00,2019-06-20 05:15:00,2019-06-20 05:30:00,19,9,11,40,0,0.0,0.0,22.0,22.0,-41.0,-52.0,22.0,22.0,-45.0,-57.0,8.0,8.0,22.0,22.0,-43.0,-75.0,22.0,22.0,-43.0,-63.0,16.0,12.0,22.0,22.0,-34.0,-67.0,22.0,22.0,-34.0,-80.0,-66.5,23.0,-50,-85,3.0
2472,21033,2019-06-20 05:15:00,2019-06-20 05:30:00,2019-06-20 05:45:00,19,9,11,40,0,8.0,8.0,22.0,22.0,-43.0,-75.0,22.0,22.0,-43.0,-63.0,16.0,12.0,22.0,22.0,-34.0,-67.0,22.0,22.0,-34.0,-80.0,2.0,0.0,22.0,22.0,-48.0,-64.0,22.0,22.0,-45.0,-78.0,-66.5,23.0,-50,-85,3.0
190,21516,2018-10-30 05:00:00,2018-10-30 05:15:00,2018-10-30 05:30:00,19,8,18,56,0,0.0,0.0,15.0,15.0,-37.0,-39.0,15.0,15.0,-37.0,-39.0,0.0,0.0,15.0,15.0,-37.0,-39.0,15.0,15.0,-37.0,-39.0,1.0,0.0,15.0,15.0,-38.0,-82.0,15.0,15.0,-37.0,-84.0,-68.0,19.0,-44,-84,3.0
189,21516,2018-10-30 03:15:00,2018-10-30 03:30:00,2018-10-30 03:45:00,19,8,18,56,0,0.0,0.0,15.0,15.0,-37.0,-38.0,15.0,15.0,-37.0,-37.0,0.0,0.0,15.0,15.0,-37.0,-38.0,15.0,15.0,-36.0,-37.0,1.0,0.0,15.0,15.0,-37.0,-83.0,15.0,15.0,-37.0,-84.0,-68.0,19.0,-44,-84,3.0
1217,22203,2018-10-14 19:00:00,2018-10-14 19:15:00,2018-10-14 19:30:00,19,7,18,56,0,0.0,0.0,17.0,17.0,-41.0,-45.0,17.0,17.0,-40.0,-45.0,0.0,0.0,17.0,17.0,-45.0,-48.0,17.0,17.0,-45.0,-48.0,17.0,0.0,17.0,17.0,-46.0,-71.0,17.0,17.0,-47.0,-74.0,-71.0,19.0,-38,-84,3.0
114,22203,2018-11-16 16:15:00,2018-11-16 16:30:00,2018-11-16 16:45:00,19,7,18,56,0,0.0,0.0,17.0,17.0,-40.0,-43.0,17.0,17.0,-39.0,-43.0,10.0,0.0,17.0,17.0,-43.0,-78.0,17.0,17.0,-43.0,-81.0,6.0,0.0,17.0,17.0,-64.0,-94.0,17.0,17.0,-67.0,-94.0,-71.0,19.0,-38,-84,3.0
112,22203,2018-11-16 13:00:00,2018-11-16 13:15:00,2018-11-16 13:30:00,19,7,18,56,0,0.0,0.0,17.0,17.0,-40.0,-40.0,17.0,17.0,-39.0,-40.0,0.0,0.0,17.0,17.0,-40.0,-69.0,17.0,17.0,-39.0,-72.0,11.0,0.0,17.0,17.0,-51.0,-94.0,17.0,17.0,-51.0,-94.0,-71.0,19.0,-38,-84,3.0
113,22203,2018-11-16 16:00:00,2018-11-16 16:15:00,2018-11-16 16:30:00,19,7,18,56,0,0.0,0.0,17.0,17.0,-40.0,-41.0,17.0,17.0,-40.0,-41.0,0.0,0.0,17.0,17.0,-40.0,-43.0,17.0,17.0,-39.0,-43.0,10.0,0.0,17.0,17.0,-43.0,-78.0,17.0,17.0,-43.0,-81.0,-71.0,19.0,-38,-84,3.0
116,22203,2018-11-16 18:15:00,2018-11-16 18:30:00,2018-11-16 18:45:00,19,7,18,56,0,0.0,0.0,17.0,17.0,-40.0,-66.0,17.0,17.0,-39.0,-68.0,3.0,0.0,17.0,17.0,-63.0,-94.0,17.0,17.0,-65.0,-94.0,27.0,10.0,17.0,17.0,-62.0,-94.0,17.0,17.0,-64.0,-94.0,-71.0,19.0,-38,-84,3.0
1216,22203,2018-10-14 13:45:00,2018-10-14 14:00:00,2018-10-14 14:15:00,19,7,18,56,0,0.0,0.0,17.0,17.0,-41.0,-43.0,17.0,17.0,-41.0,-43.0,0.0,0.0,17.0,17.0,-41.0,-54.0,17.0,17.0,-41.0,-56.0,33.0,7.0,17.0,17.0,-51.0,-89.0,17.0,17.0,-52.0,-93.0,-71.0,19.0,-38,-84,3.0
174,34737,2019-01-10 11:45:00,2019-01-10 12:00:00,2019-01-10 12:15:00,19,8,11,40,0,0.0,0.0,24.0,24.0,-38.0,-51.0,23.0,23.0,-41.0,-64.0,0.0,0.0,24.0,24.0,-44.0,-57.0,23.0,23.0,-45.0,-59.0,3.0,0.0,24.0,24.0,-43.0,-83.0,23.0,23.0,-42.0,-62.0,-69.5,24.0,-42,-85,3.0
95,34737,2018-11-05 06:00:00,2018-11-05 06:15:00,2018-11-05 06:30:00,19,8,11,40,0,0.0,0.0,24.0,24.0,-47.0,-59.0,23.0,23.0,-47.0,-57.0,0.0,0.0,24.0,24.0,-48.0,-64.0,23.0,23.0,-48.0,-62.0,28.0,12.0,24.0,24.0,-62.0,-95.0,23.0,23.0,-61.0,-93.0,-69.5,24.0,-42,-85,3.0
173,34737,2019-01-10 11:00:00,2019-01-10 11:15:00,2019-01-10 11:30:00,19,8,11,40,0,0.0,0.0,24.0,24.0,-43.0,-46.0,23.0,23.0,-43.0,-48.0,0.0,0.0,24.0,24.0,-41.0,-48.0,23.0,23.0,-42.0,-53.0,14.0,9.0,24.0,24.0,-40.0,-69.0,23.0,23.0,-42.0,-80.0,-69.5,24.0,-42,-85,3.0
440,34737,2018-09-01 17:45:00,2018-09-01 18:00:00,2018-09-01 18:15:00,19,8,11,40,0,59.0,22.0,24.0,24.0,-49.0,-74.0,23.0,23.0,-49.0,-74.0,49.0,10.0,24.0,24.0,-55.0,-93.0,23.0,23.0,-55.0,-91.0,0.0,0.0,24.0,24.0,-82.0,-96.0,23.0,23.0,-80.0,-96.0,-69.5,24.0,-42,-85,3.0
1783,34737,2019-05-28 19:45:00,2019-05-28 20:00:00,2019-05-28 20:15:00,19,8,11,40,0,0.0,0.0,24.0,24.0,-44.0,-56.0,23.0,23.0,-45.0,-55.0,0.0,0.0,24.0,24.0,-51.0,-69.0,23.0,23.0,-51.0,-68.0,65.0,10.0,24.0,24.0,-51.0,-76.0,23.0,23.0,-51.0,-75.0,-69.5,24.0,-42,-85,3.0
439,34737,2018-09-01 17:30:00,2018-09-01 17:45:00,2018-09-01 18:00:00,19,8,11,40,0,0.0,0.0,24.0,24.0,-44.0,-49.0,23.0,23.0,-45.0,-50.0,59.0,22.0,24.0,24.0,-49.0,-74.0,23.0,23.0,-49.0,-74.0,49.0,10.0,24.0,24.0,-55.0,-93.0,23.0,23.0,-55.0,-91.0,-69.5,24.0,-42,-85,3.0
175,34737,2019-01-10 12:00:00,2019-01-10 12:15:00,2019-01-10 12:30:00,19,8,11,40,0,0.0,0.0,24.0,24.0,-44.0,-57.0,23.0,23.0,-45.0,-59.0,3.0,0.0,24.0,24.0,-43.0,-83.0,23.0,23.0,-42.0,-62.0,7.0,5.0,24.0,24.0,-35.0,-52.0,23.0,23.0,-37.0,-85.0,-69.5,24.0,-42,-85,3.0
443,34737,2018-10-29 17:15:00,2018-10-29 17:30:00,2018-10-29 17:45:00,19,8,11,40,0,0.0,0.0,24.0,24.0,-44.0,-50.0,23.0,23.0,-44.0,-49.0,0.0,0.0,24.0,24.0,-47.0,-57.0,23.0,23.0,-46.0,-56.0,25.0,0.0,24.0,24.0,-53.0,-78.0,23.0,23.0,-52.0,-74.0,-69.5,24.0,-42,-85,3.0
444,34737,2018-10-29 17:30:00,2018-10-29 17:45:00,2018-10-29 18:00:00,19,8,11,40,0,0.0,0.0,24.0,24.0,-47.0,-57.0,23.0,23.0,-46.0,-56.0,25.0,0.0,24.0,24.0,-53.0,-78.0,23.0,23.0,-52.0,-74.0,1.0,0.0,24.0,24.0,-45.0,-95.0,23.0,23.0,-47.0,-94.0,-69.5,24.0,-42,-85,3.0
442,34737,2018-10-28 14:45:00,2018-10-28 15:00:00,2018-10-28 15:15:00,19,8,11,40,0,0.0,0.0,24.0,24.0,-44.0,-50.0,23.0,23.0,-44.0,-50.0,0.0,0.0,24.0,24.0,-47.0,-53.0,23.0,23.0,-47.0,-52.0,12.0,4.0,24.0,24.0,-48.0,-86.0,23.0,23.0,-48.0,-84.0,-69.5,24.0,-42,-85,3.0
441,34737,2018-09-01 18:00:00,2018-09-01 18:15:00,2018-09-01 18:30:00,19,8,11,40,0,49.0,10.0,24.0,24.0,-55.0,-93.0,23.0,23.0,-55.0,-91.0,0.0,0.0,24.0,24.0,-82.0,-96.0,23.0,23.0,-80.0,-96.0,9.0,0.0,24.0,24.0,-62.0,-92.0,23.0,23.0,-62.0,-90.0,-69.5,24.0,-42,-85,3.0
172,76690,2018-09-01 17:30:00,2018-09-01 17:45:00,2018-09-01 18:00:00,19,7,18,56,0,0.0,0.0,19.0,19.0,-33.0,-37.0,19.0,19.0,-34.0,-38.0,25.0,0.0,19.0,19.0,-36.0,-77.0,19.0,19.0,-38.0,-74.0,30.0,3.0,19.0,19.0,-46.0,-76.0,19.0,19.0,-45.0,-73.0,-71.0,19.0,-31,-84,3.0
171,76690,2018-09-01 17:15:00,2018-09-01 17:30:00,2018-09-01 17:45:00,19,7,18,56,0,0.0,0.0,19.0,19.0,-32.0,-34.0,19.0,19.0,-34.0,-35.0,0.0,0.0,19.0,19.0,-33.0,-37.0,19.0,19.0,-34.0,-38.0,25.0,0.0,19.0,19.0,-36.0,-77.0,19.0,19.0,-38.0,-74.0,-71.0,19.0,-31,-84,3.0
2293,112422,2019-06-05 20:00:00,2019-06-05 20:15:00,2019-06-05 20:30:00,19,9,7,28,0,0.0,0.0,23.0,23.0,-36.0,-42.0,23.0,23.0,-37.0,-46.0,0.0,0.0,23.0,23.0,-35.0,-51.0,23.0,23.0,-36.0,-48.0,1.0,0.0,23.0,23.0,-29.0,-71.0,23.0,23.0,-30.0,-57.0,-68.5,24.0,-37,-87,3.0
1056,133390,2018-11-28 09:30:00,2018-11-28 09:45:00,2018-11-28 10:00:00,19,9,18,56,0,0.0,0.0,17.0,17.0,-43.0,-48.0,12.0,12.0,-39.0,-44.0,0.0,0.0,17.0,17.0,-43.0,-46.0,12.0,12.0,-39.0,-41.0,14.0,9.0,17.0,17.0,-44.0,-69.0,12.0,12.0,-39.0,-63.0,-64.5,18.0,-36,-84,3.0
1040,133390,2018-06-15 18:00:00,2018-06-15 18:15:00,2018-06-15 18:30:00,19,9,18,56,0,18.0,2.0,17.0,17.0,-43.0,-75.0,12.0,12.0,-39.0,-68.0,57.0,1.0,17.0,17.0,-57.0,-84.0,12.0,12.0,-52.0,-77.0,9.0,0.0,17.0,17.0,-69.0,-94.0,12.0,12.0,-63.0,-91.0,-64.5,18.0,-36,-84,3.0
1055,133390,2018-11-28 03:30:00,2018-11-28 03:45:00,2018-11-28 04:00:00,19,9,18,56,0,0.0,0.0,17.0,17.0,-42.0,-44.0,12.0,12.0,-39.0,-39.0,0.0,0.0,17.0,17.0,-43.0,-56.0,12.0,12.0,-39.0,-52.0,8.0,0.0,17.0,17.0,-43.0,-91.0,12.0,12.0,-39.0,-82.0,-64.5,18.0,-36,-84,3.0
1039,133390,2018-06-15 17:45:00,2018-06-15 18:00:00,2018-06-15 18:15:00,19,9,18,56,0,0.0,0.0,17.0,17.0,-42.0,-53.0,12.0,12.0,-38.0,-48.0,18.0,2.0,17.0,17.0,-43.0,-75.0,12.0,12.0,-39.0,-68.0,57.0,1.0,17.0,17.0,-57.0,-84.0,12.0,12.0,-52.0,-77.0,-64.5,18.0,-36,-84,3.0
1052,133390,2018-09-13 18:00:00,2018-09-13 18:15:00,2018-09-13 18:30:00,19,9,18,56,0,39.0,0.0,17.0,17.0,-66.0,-84.0,12.0,12.0,-60.0,-77.0,10.0,0.0,17.0,17.0,-52.0,-68.0,12.0,12.0,-48.0,-62.0,42.0,0.0,17.0,17.0,-49.0,-68.0,12.0,12.0,-45.0,-62.0,-64.5,18.0,-36,-84,3.0
1045,133390,2018-08-24 14:15:00,2018-08-24 14:30:00,2018-08-24 14:45:00,19,9,18,56,0,0.0,0.0,17.0,17.0,-48.0,-56.0,12.0,12.0,-43.0,-51.0,0.0,0.0,17.0,17.0,-48.0,-61.0,12.0,12.0,-44.0,-55.0,4.0,0.0,17.0,17.0,-58.0,-94.0,12.0,12.0,-52.0,-91.0,-64.5,18.0,-36,-84,3.0
1041,133390,2018-06-15 18:15:00,2018-06-15 18:30:00,2018-06-15 18:45:00,19,9,18,56,0,57.0,1.0,17.0,17.0,-57.0,-84.0,12.0,12.0,-52.0,-77.0,9.0,0.0,17.0,17.0,-69.0,-94.0,12.0,12.0,-63.0,-91.0,17.0,0.0,17.0,17.0,-43.0,-88.0,12.0,12.0,-39.0,-79.0,-64.5,18.0,-36,-84,3.0
1038,133390,2018-06-15 17:30:00,2018-06-15 17:45:00,2018-06-15 18:00:00,19,9,18,56,0,0.0,0.0,17.0,17.0,-43.0,-53.0,12.0,12.0,-38.0,-49.0,0.0,0.0,17.0,17.0,-42.0,-53.0,12.0,12.0,-38.0,-48.0,18.0,2.0,17.0,17.0,-43.0,-75.0,12.0,12.0,-39.0,-68.0,-64.5,18.0,-36,-84,3.0
1049,133390,2018-08-24 18:30:00,2018-08-24 18:45:00,2018-08-24 19:00:00,19,9,18,56,0,0.0,0.0,17.0,17.0,-43.0,-48.0,12.0,12.0,-39.0,-43.0,6.0,0.0,17.0,17.0,-48.0,-67.0,12.0,12.0,-43.0,-61.0,94.0,9.0,17.0,17.0,-57.0,-76.0,12.0,12.0,-51.0,-68.0,-64.5,18.0,-36,-84,3.0
1037,133390,2018-06-15 14:00:00,2018-06-15 14:15:00,2018-06-15 14:30:00,19,9,18,56,0,0.0,0.0,17.0,17.0,-43.0,-59.0,12.0,12.0,-39.0,-53.0,20.0,4.0,17.0,17.0,-49.0,-73.0,12.0,12.0,-44.0,-66.0,17.0,2.0,17.0,17.0,-47.0,-87.0,12.0,12.0,-42.0,-79.0,-64.5,18.0,-36,-84,3.0
1044,133390,2018-06-15 19:45:00,2018-06-15 20:00:00,2018-06-15 20:15:00,19,9,18,56,0,11.0,0.0,17.0,17.0,-47.0,-94.0,12.0,12.0,-43.0,-91.0,19.0,0.0,17.0,17.0,-48.0,-78.0,12.0,12.0,-43.0,-71.0,26.0,4.0,17.0,17.0,-61.0,-94.0,12.0,12.0,-55.0,-94.0,-64.5,18.0,-36,-84,3.0
1051,133390,2018-09-13 17:30:00,2018-09-13 17:45:00,2018-09-13 18:00:00,19,9,18,56,0,0.0,0.0,17.0,17.0,-42.0,-45.0,12.0,12.0,-38.0,-41.0,24.0,1.0,17.0,17.0,-43.0,-68.0,12.0,12.0,-39.0,-62.0,39.0,0.0,17.0,17.0,-66.0,-84.0,12.0,12.0,-60.0,-77.0,-64.5,18.0,-36,-84,3.0
1043,133390,2018-06-15 19:30:00,2018-06-15 19:45:00,2018-06-15 20:00:00,19,9,18,56,0,0.0,0.0,17.0,17.0,-43.0,-58.0,12.0,12.0,-38.0,-52.0,11.0,0.0,17.0,17.0,-47.0,-94.0,12.0,12.0,-43.0,-91.0,19.0,0.0,17.0,17.0,-48.0,-78.0,12.0,12.0,-43.0,-71.0,-64.5,18.0,-36,-84,3.0
1046,133390,2018-08-24 14:30:00,2018-08-24 14:45:00,2018-08-24 15:00:00,19,9,18,56,0,0.0,0.0,17.0,17.0,-48.0,-61.0,12.0,12.0,-44.0,-55.0,4.0,0.0,17.0,17.0,-58.0,-94.0,12.0,12.0,-52.0,-91.0,90.0,19.0,17.0,17.0,-49.0,-77.0,12.0,12.0,-44.0,-69.0,-64.5,18.0,-36,-84,3.0
2162,187548,2019-06-05 19:15:00,2019-06-05 19:30:00,2019-06-05 19:45:00,19,9,11,40,0,20.0,16.0,20.0,20.0,-35.0,-64.0,20.0,20.0,-37.0,-78.0,9.0,7.0,20.0,20.0,-34.0,-68.0,20.0,20.0,-35.0,-71.0,4.0,0.0,20.0,20.0,-35.0,-56.0,20.0,20.0,-35.0,-74.0,-66.5,23.0,-43,-85,3.0
2163,187548,2019-06-05 19:00:00,2019-06-05 19:15:00,2019-06-05 19:30:00,19,9,11,40,0,0.0,0.0,20.0,20.0,-37.0,-63.0,20.0,20.0,-37.0,-55.0,0.0,0.0,20.0,20.0,-36.0,-47.0,20.0,20.0,-37.0,-57.0,4.0,2.0,20.0,20.0,-36.0,-79.0,20.0,20.0,-35.0,-65.0,-66.5,23.0,-43,-85,3.0
2164,187548,2019-06-05 19:15:00,2019-06-05 19:30:00,2019-06-05 19:45:00,19,9,11,40,0,0.0,0.0,20.0,20.0,-36.0,-47.0,20.0,20.0,-37.0,-57.0,4.0,2.0,20.0,20.0,-36.0,-79.0,20.0,20.0,-35.0,-65.0,7.0,5.0,20.0,20.0,-37.0,-50.0,20.0,20.0,-36.0,-79.0,-66.5,23.0,-43,-85,3.0
2408,570832,2019-06-12 04:45:00,2019-06-12 05:00:00,2019-06-12 05:15:00,19,7,11,40,0,0.0,0.0,23.0,23.0,-53.0,-70.0,23.0,23.0,-52.0,-68.0,6.0,4.0,23.0,23.0,-55.0,-78.0,23.0,23.0,-54.0,-72.0,10.0,6.0,23.0,23.0,-55.0,-82.0,23.0,23.0,-54.0,-78.0,-72.0,24.0,-55,-85,3.0
2409,570832,2019-06-12 05:00:00,2019-06-12 05:15:00,2019-06-12 05:30:00,19,7,11,40,0,6.0,4.0,23.0,23.0,-55.0,-78.0,23.0,23.0,-54.0,-72.0,10.0,6.0,23.0,23.0,-55.0,-82.0,23.0,23.0,-54.0,-78.0,27.0,17.0,23.0,23.0,-59.0,-81.0,23.0,23.0,-57.0,-80.0,-72.0,24.0,-55,-85,3.0
1222,929905,2019-05-23 10:00:00,2019-05-23 10:15:00,2019-05-23 10:30:00,29,5,38,28,1,0.0,0.0,13.0,13.0,-34.0,-34.0,14.0,14.0,-38.0,-39.0,0.0,0.0,13.0,13.0,-34.0,-34.0,14.0,14.0,-38.0,-39.0,1.0,0.0,17.0,,-34.0,-79.0,17.0,,-35.0,-65.0,-76.5,17.0,-37,-83,3.0
118,1211633,2018-10-18 14:30:00,2018-10-18 14:45:00,2018-10-18 15:00:00,19,8,18,56,0,0.0,0.0,18.0,18.0,-52.0,-66.0,18.0,18.0,-51.0,-64.0,30.0,1.0,18.0,18.0,-49.0,-82.0,18.0,18.0,-49.0,-79.0,49.0,12.0,18.0,18.0,-55.0,-84.0,18.0,18.0,-54.0,-80.0,-68.0,19.0,-43,-84,3.0
120,1211633,2018-10-18 15:15:00,2018-10-18 15:30:00,2018-10-18 15:45:00,19,8,18,56,0,71.0,9.0,18.0,18.0,-57.0,-78.0,18.0,18.0,-54.0,-75.0,0.0,0.0,18.0,18.0,-50.0,-60.0,18.0,18.0,-49.0,-59.0,7.0,0.0,18.0,18.0,-60.0,-94.0,18.0,18.0,-59.0,-94.0,-68.0,19.0,-43,-84,3.0
119,1211633,2018-10-18 14:45:00,2018-10-18 15:00:00,2018-10-18 15:15:00,19,8,18,56,0,30.0,1.0,18.0,18.0,-49.0,-82.0,18.0,18.0,-49.0,-79.0,49.0,12.0,18.0,18.0,-55.0,-84.0,18.0,18.0,-54.0,-80.0,71.0,9.0,18.0,18.0,-57.0,-78.0,18.0,18.0,-54.0,-75.0,-68.0,19.0,-43,-84,3.0
121,1211633,2018-10-18 15:30:00,2018-10-18 15:45:00,2018-10-18 16:00:00,19,8,18,56,0,0.0,0.0,18.0,18.0,-50.0,-60.0,18.0,18.0,-49.0,-59.0,7.0,0.0,18.0,18.0,-60.0,-94.0,18.0,18.0,-59.0,-94.0,37.0,0.0,18.0,18.0,-66.0,-94.0,18.0,18.0,-63.0,-94.0,-68.0,19.0,-43,-84,3.0
117,1211633,2018-10-18 14:15:00,2018-10-18 14:30:00,2018-10-18 14:45:00,19,8,18,56,0,0.0,0.0,18.0,18.0,-47.0,-58.0,18.0,18.0,-46.0,-57.0,0.0,0.0,18.0,18.0,-52.0,-66.0,18.0,18.0,-51.0,-64.0,30.0,1.0,18.0,18.0,-49.0,-82.0,18.0,18.0,-49.0,-79.0,-68.0,19.0,-43,-84,3.0
2361,64734,2019-06-07 03:00:00,2019-06-07 03:15:00,2019-06-07 03:30:00,19,9,11,40,0,39.0,37.0,22.0,22.0,-34.0,-42.0,22.0,22.0,-36.0,-43.0,45.0,41.0,22.0,22.0,-34.0,-41.0,22.0,22.0,-35.0,-42.0,33.0,30.0,22.0,22.0,-35.0,-42.0,22.0,22.0,-36.0,-42.0,-66.5,23.0,-38,-85,4.0
2364,64734,2019-06-07 13:30:00,2019-06-07 13:45:00,2019-06-07 14:00:00,19,9,11,40,0,0.0,0.0,22.0,22.0,-37.0,-42.0,22.0,22.0,-37.0,-43.0,0.0,0.0,22.0,22.0,-37.0,-42.0,22.0,22.0,-37.0,-43.0,16.0,15.0,22.0,22.0,-37.0,-42.0,22.0,22.0,-37.0,-43.0,-66.5,23.0,-38,-85,4.0
2362,64734,2019-06-07 07:00:00,2019-06-07 07:15:00,2019-06-07 07:30:00,19,9,11,40,0,0.0,0.0,22.0,22.0,-37.0,-47.0,22.0,22.0,-37.0,-48.0,9.0,9.0,22.0,22.0,-37.0,-78.0,22.0,22.0,-38.0,-75.0,8.0,6.0,22.0,22.0,-41.0,-54.0,22.0,22.0,-42.0,-81.0,-66.5,23.0,-38,-85,4.0
690,127346,2018-06-07 16:45:00,2018-06-07 17:00:00,2018-06-07 17:15:00,19,2,18,28,1,900.0,53.0,23.0,19.0,-49.0,-60.0,23.0,19.0,-49.0,-59.0,857.0,128.0,23.0,19.0,-49.0,-54.0,23.0,19.0,-49.0,-54.0,859.0,185.0,23.0,19.0,-49.0,-54.0,23.0,19.0,-49.0,-54.0,-85.0,23.0,-45,-86,4.0
680,127346,2018-06-07 10:45:00,2018-06-07 11:00:00,2018-06-07 11:15:00,19,2,18,28,1,836.0,170.0,23.0,19.0,-47.0,-56.0,23.0,19.0,-48.0,-56.0,510.0,188.0,23.0,19.0,-45.0,-56.0,23.0,19.0,-45.0,-56.0,689.0,204.0,23.0,19.0,-46.0,-55.0,23.0,19.0,-47.0,-56.0,-85.0,23.0,-45,-86,4.0
683,127346,2018-06-07 12:00:00,2018-06-07 12:15:00,2018-06-07 12:30:00,19,2,18,28,1,514.0,135.0,23.0,19.0,-45.0,-55.0,23.0,19.0,-45.0,-55.0,295.0,102.0,23.0,19.0,-46.0,-54.0,23.0,19.0,-47.0,-53.0,522.0,163.0,23.0,19.0,-46.0,-53.0,23.0,19.0,-46.0,-54.0,-85.0,23.0,-45,-86,4.0
687,127346,2018-06-07 13:45:00,2018-06-07 14:00:00,2018-06-07 14:15:00,19,2,18,28,1,845.0,40.0,23.0,19.0,-49.0,-53.0,23.0,19.0,-49.0,-53.0,785.0,48.0,23.0,19.0,-47.0,-53.0,23.0,19.0,-47.0,-53.0,820.0,59.0,23.0,19.0,-47.0,-53.0,23.0,19.0,-47.0,-53.0,-85.0,23.0,-45,-86,4.0
689,127346,2018-06-07 16:30:00,2018-06-07 16:45:00,2018-06-07 17:00:00,19,2,18,28,1,900.0,83.0,23.0,19.0,-49.0,-54.0,23.0,19.0,-49.0,-54.0,900.0,53.0,23.0,19.0,-49.0,-60.0,23.0,19.0,-49.0,-59.0,857.0,128.0,23.0,19.0,-49.0,-54.0,23.0,19.0,-49.0,-54.0,-85.0,23.0,-45,-86,4.0
681,127346,2018-06-07 11:30:00,2018-06-07 11:45:00,2018-06-07 12:00:00,19,2,18,28,1,900.0,222.0,23.0,19.0,-47.0,-55.0,23.0,19.0,-48.0,-55.0,900.0,208.0,23.0,19.0,-48.0,-56.0,23.0,19.0,-47.0,-55.0,514.0,135.0,23.0,19.0,-45.0,-55.0,23.0,19.0,-45.0,-55.0,-85.0,23.0,-45,-86,4.0
676,127346,2018-03-07 21:00:00,2018-03-07 21:15:00,2018-03-07 21:30:00,19,2,18,28,1,673.0,26.0,23.0,19.0,-51.0,-53.0,23.0,19.0,-50.0,-53.0,539.0,36.0,23.0,19.0,-50.0,-53.0,23.0,19.0,-49.0,-53.0,640.0,46.0,23.0,19.0,-50.0,-53.0,23.0,19.0,-52.0,-53.0,-85.0,23.0,-45,-86,4.0
678,127346,2018-06-07 10:15:00,2018-06-07 10:30:00,2018-06-07 10:45:00,19,2,18,28,1,900.0,85.0,23.0,19.0,-48.0,-56.0,23.0,19.0,-48.0,-55.0,900.0,128.0,23.0,19.0,-48.0,-56.0,23.0,19.0,-48.0,-56.0,836.0,170.0,23.0,19.0,-47.0,-56.0,23.0,19.0,-48.0,-56.0,-85.0,23.0,-45,-86,4.0
691,127346,2018-06-07 22:45:00,2018-06-07 23:00:00,2018-06-07 23:15:00,19,2,18,28,1,900.0,151.0,23.0,19.0,-49.0,-54.0,23.0,19.0,-50.0,-54.0,900.0,155.0,23.0,19.0,-49.0,-54.0,23.0,19.0,-49.0,-54.0,860.0,184.0,23.0,19.0,-48.0,-53.0,23.0,19.0,-49.0,-53.0,-85.0,23.0,-45,-86,4.0
686,127346,2018-06-07 13:30:00,2018-06-07 13:45:00,2018-06-07 14:00:00,19,2,18,28,1,860.0,80.0,23.0,19.0,-47.0,-53.0,23.0,19.0,-47.0,-53.0,845.0,40.0,23.0,19.0,-49.0,-53.0,23.0,19.0,-49.0,-53.0,785.0,48.0,23.0,19.0,-47.0,-53.0,23.0,19.0,-47.0,-53.0,-85.0,23.0,-45,-86,4.0
673,127346,2018-03-07 20:15:00,2018-03-07 20:30:00,2018-03-07 20:45:00,19,2,18,28,1,498.0,58.0,23.0,19.0,-50.0,-58.0,23.0,19.0,-51.0,-57.0,478.0,23.0,20.0,19.0,-53.0,-58.0,23.0,19.0,-52.0,-58.0,771.0,70.0,23.0,19.0,-50.0,-55.0,23.0,19.0,-50.0,-55.0,-85.0,23.0,-45,-86,4.0
685,127346,2018-06-07 12:30:00,2018-06-07 12:45:00,2018-06-07 13:00:00,19,2,18,28,1,522.0,163.0,23.0,19.0,-46.0,-53.0,23.0,19.0,-46.0,-54.0,791.0,108.0,23.0,19.0,-47.0,-53.0,23.0,19.0,-47.0,-53.0,843.0,197.0,23.0,19.0,-47.0,-53.0,23.0,19.0,-47.0,-53.0,-85.0,23.0,-45,-86,4.0
684,127346,2018-06-07 12:15:00,2018-06-07 12:30:00,2018-06-07 12:45:00,19,2,18,28,1,295.0,102.0,23.0,19.0,-46.0,-54.0,23.0,19.0,-47.0,-53.0,522.0,163.0,23.0,19.0,-46.0,-53.0,23.0,19.0,-46.0,-54.0,791.0,108.0,23.0,19.0,-47.0,-53.0,23.0,19.0,-47.0,-53.0,-85.0,23.0,-45,-86,4.0
688,127346,2018-06-07 14:45:00,2018-06-07 15:00:00,2018-06-07 15:15:00,19,2,18,28,1,844.0,25.0,23.0,19.0,-50.0,-53.0,23.0,19.0,-50.0,-53.0,867.0,69.0,23.0,19.0,-47.0,-53.0,23.0,19.0,-47.0,-53.0,740.0,68.0,23.0,19.0,-47.0,-54.0,23.0,19.0,-47.0,-54.0,-85.0,23.0,-45,-86,4.0
679,127346,2018-06-07 10:30:00,2018-06-07 10:45:00,2018-06-07 11:00:00,19,2,18,28,1,900.0,128.0,23.0,19.0,-48.0,-56.0,23.0,19.0,-48.0,-56.0,836.0,170.0,23.0,19.0,-47.0,-56.0,23.0,19.0,-48.0,-56.0,510.0,188.0,23.0,19.0,-45.0,-56.0,23.0,19.0,-45.0,-56.0,-85.0,23.0,-45,-86,4.0
672,127346,2018-03-07 19:45:00,2018-03-07 20:00:00,2018-03-07 20:15:00,19,2,18,28,1,401.0,13.0,23.0,-6.0,-52.0,-97.0,23.0,-6.0,-52.0,-98.0,422.0,29.0,23.0,19.0,-53.0,-57.0,23.0,19.0,-54.0,-57.0,498.0,58.0,23.0,19.0,-50.0,-58.0,23.0,19.0,-51.0,-57.0,-85.0,23.0,-45,-86,4.0
675,127346,2018-03-07 20:45:00,2018-03-07 21:00:00,2018-03-07 21:15:00,19,2,18,28,1,771.0,70.0,23.0,19.0,-50.0,-55.0,23.0,19.0,-50.0,-55.0,673.0,26.0,23.0,19.0,-51.0,-53.0,23.0,19.0,-50.0,-53.0,539.0,36.0,23.0,19.0,-50.0,-53.0,23.0,19.0,-49.0,-53.0,-85.0,23.0,-45,-86,4.0
674,127346,2018-03-07 20:30:00,2018-03-07 20:45:00,2018-03-07 21:00:00,19,2,18,28,1,478.0,23.0,20.0,19.0,-53.0,-58.0,23.0,19.0,-52.0,-58.0,771.0,70.0,23.0,19.0,-50.0,-55.0,23.0,19.0,-50.0,-55.0,673.0,26.0,23.0,19.0,-51.0,-53.0,23.0,19.0,-50.0,-53.0,-85.0,23.0,-45,-86,4.0
682,127346,2018-06-07 11:45:00,2018-06-07 12:00:00,2018-06-07 12:15:00,19,2,18,28,1,900.0,208.0,23.0,19.0,-48.0,-56.0,23.0,19.0,-47.0,-55.0,514.0,135.0,23.0,19.0,-45.0,-55.0,23.0,19.0,-45.0,-55.0,295.0,102.0,23.0,19.0,-46.0,-54.0,23.0,19.0,-47.0,-53.0,-85.0,23.0,-45,-86,4.0
677,127346,2018-03-13 06:15:00,2018-03-13 06:30:00,2018-03-13 06:45:00,19,2,18,28,1,0.0,0.0,19.0,19.0,-54.0,-55.0,19.0,19.0,-54.0,-55.0,0.0,0.0,19.0,19.0,-54.0,-55.0,19.0,19.0,-54.0,-55.0,218.0,16.0,23.0,19.0,-52.0,-55.0,23.0,19.0,-51.0,-71.0,-85.0,23.0,-45,-86,4.0